"approval_time","interval","inspection_cond","numPic","social_cond","broken","about","browser","chosen_idx","rt","kept","chosen","faceIdx","face","kept_idx","trialType","answer_type","itemNum","trial_category","samePos","gaze_target","include_exclude_repeat","intervalNum","numPicN","gaze_trial","first.trial","correct","subid","block","include_good_rt","mean_acc_exp","correct_exposure","rt_exposure","answer_type_exposure"
"2016-07-22 19:14:09","Zero","long",4,"SocialFirst","          ","          I don't know","Safari",2,7177,"Novel32","Novel132",-1,"straight-ahead",1,"Switch","participant_response",0,"test",1,NA,"include",0,4,"Gaze",FALSE,FALSE,1,"first","include",0.875,TRUE,3592,"participant_response"
"2016-07-22 19:14:09","Zero","long",4,"SocialFirst","          ","          I don't know","Safari",2,3880,"Novel134","Novel134",-1,"straight-ahead",1,"Same","participant_response",1,"test",0,NA,"include",0,4,"Gaze",FALSE,TRUE,1,"first","include",0.875,TRUE,4119,"participant_response"
"2016-07-22 19:14:09","Zero","long",4,"SocialFirst","          ","          I don't know","Safari",0,5562,"Novel74","Novel74",-1,"straight-ahead",0,"Same","participant_response",3,"test",1,NA,"include",0,4,"Gaze",FALSE,TRUE,1,"first","include",0.875,TRUE,4177,"participant_response"
"2016-07-22 19:14:09","Zero","long",4,"SocialFirst","          ","          I don't know","Safari",2,2193,"Novel17","Novel17",-1,"straight-ahead",1,"Switch","participant_response",4,"test",0,NA,"include",0,4,"Gaze",FALSE,TRUE,1,"first","include",0.875,TRUE,3900,"participant_response"
"2016-07-22 19:14:09","Zero","long",4,"SocialFirst","          ","          I don't know","Safari",1,3476,"Novel12","Novel12",-1,"straight-ahead",1,"Same","participant_response",5,"test",1,NA,"include",0,4,"Gaze",FALSE,TRUE,1,"first","include",0.875,TRUE,2690,"participant_response"
"2016-07-22 19:14:09","Zero","long",4,"SocialFirst","          ","          I don't know","Safari",3,4227,"Novel124","Novel118",-1,"straight-ahead",1,"Switch","participant_response",6,"test",0,NA,"include",0,4,"Gaze",FALSE,FALSE,1,"first","include",0.875,TRUE,2752,"participant_response"
"2016-07-22 19:14:09","Zero","long",4,"SocialFirst","          ","          I don't know","Safari",2,2512,"Novel49","Novel49",-1,"straight-ahead",1,"Same","participant_response",7,"test",0,NA,"include",0,4,"Gaze",FALSE,TRUE,1,"first","include",0.875,TRUE,2797,"participant_response"
"2016-07-22 19:14:09","Zero","long",4,"SocialFirst","          ","          I don't know","Safari",0,6049,"Novel138","Novel8",-1,"straight-ahead",1,"Switch","participant_response",8,"test",1,NA,"include",0,4,"No-Gaze",FALSE,FALSE,1,"second","include",0.875,NA,5017,"participant_response"
"2016-07-22 19:14:09","Zero","long",4,"SocialFirst","          ","          I don't know","Safari",0,3621,"Novel64","Novel46",-1,"straight-ahead",2,"Same","participant_response",9,"test",0,NA,"include",0,4,"No-Gaze",FALSE,FALSE,1,"second","include",0.875,NA,4551,"participant_response"
"2016-07-22 19:14:09","Zero","long",4,"SocialFirst","          ","          I don't know","Safari",0,4193,"Novel14","Novel125",-1,"straight-ahead",2,"Switch","participant_response",10,"test",1,NA,"include",0,4,"No-Gaze",FALSE,FALSE,1,"second","include",0.875,NA,3827,"participant_response"
"2016-07-22 19:14:09","Zero","long",4,"SocialFirst","          ","          I don't know","Safari",0,2114,"Novel108","Novel108",-1,"straight-ahead",0,"Same","participant_response",11,"test",1,NA,"include",0,4,"No-Gaze",FALSE,TRUE,1,"second","include",0.875,NA,4553,"participant_response"
"2016-07-22 19:14:09","Zero","long",4,"SocialFirst","          ","          I don't know","Safari",3,3057,"Novel13","Novel37",-1,"straight-ahead",1,"Switch","participant_response",12,"test",0,NA,"include",0,4,"No-Gaze",FALSE,FALSE,1,"second","include",0.875,NA,3420,"participant_response"
"2016-07-22 19:14:09","Zero","long",4,"SocialFirst","          ","          I don't know","Safari",0,2157,"Novel24","Novel20",-1,"straight-ahead",3,"Same","participant_response",13,"test",1,NA,"include",0,4,"No-Gaze",FALSE,FALSE,1,"second","include",0.875,NA,7116,"participant_response"
"2016-07-22 19:14:09","Zero","long",4,"SocialFirst","          ","          I don't know","Safari",0,2665,"Novel135","Novel107",-1,"straight-ahead",3,"Switch","participant_response",14,"test",0,NA,"include",0,4,"No-Gaze",FALSE,FALSE,1,"second","include",0.875,NA,3992,"participant_response"
"2016-07-22 19:14:09","Zero","long",4,"SocialFirst","          ","          I don't know","Safari",0,3038,"Novel104","Novel44",-1,"straight-ahead",0,"Same","participant_response",15,"test",0,NA,"include",0,4,"No-Gaze",FALSE,FALSE,1,"second","include",0.875,NA,4764,"participant_response"
"2016-07-22 19:14:09","Zero","long",4,"SocialFirst","          ","          I don't know","Safari",3,3592,"Novel32","Novel30",3,"down-right-4sec",1,"Switch","participant_response",0,"exposure",1,"Novel30","include",0,4,"Gaze",FALSE,TRUE,1,"first","include",0.875,TRUE,3592,"participant_response"
"2016-07-22 19:14:09","Zero","long",4,"SocialFirst","          ","          I don't know","Safari",1,4119,"Novel134","Novel134",1,"up-right-4sec",1,"Same","participant_response",1,"exposure",0,"Novel134","include",0,4,"Gaze",FALSE,TRUE,1,"first","include",0.875,TRUE,4119,"participant_response"
"2016-07-22 19:14:09","Zero","long",4,"SocialFirst","          ","          I don't know","Safari",0,4177,"Novel74","Novel74",0,"up-left-4sec",0,"Same","participant_response",3,"exposure",1,"Novel74","include",0,4,"Gaze",FALSE,TRUE,1,"first","include",0.875,TRUE,4177,"participant_response"
"2016-07-22 19:14:09","Zero","long",4,"SocialFirst","          ","          I don't know","Safari",3,3900,"Novel17","Novel117",3,"down-right-4sec",1,"Switch","participant_response",4,"exposure",0,"Novel117","include",0,4,"Gaze",FALSE,TRUE,1,"first","include",0.875,TRUE,3900,"participant_response"
"2016-07-22 19:14:09","Zero","long",4,"SocialFirst","          ","          I don't know","Safari",1,2690,"Novel12","Novel12",1,"up-right-4sec",1,"Same","participant_response",5,"exposure",1,"Novel12","include",0,4,"Gaze",FALSE,TRUE,1,"first","include",0.875,TRUE,2690,"participant_response"
"2016-07-22 19:14:09","Zero","long",4,"SocialFirst","          ","          I don't know","Safari",3,2752,"Novel124","Novel89",3,"down-right-4sec",1,"Switch","participant_response",6,"exposure",0,"Novel89","include",0,4,"Gaze",FALSE,TRUE,1,"first","include",0.875,TRUE,2752,"participant_response"
"2016-07-22 19:14:09","Zero","long",4,"SocialFirst","          ","          I don't know","Safari",1,2797,"Novel49","Novel49",1,"up-right-4sec",1,"Same","participant_response",7,"exposure",0,"Novel49","include",0,4,"Gaze",FALSE,TRUE,1,"first","include",0.875,TRUE,2797,"participant_response"
"2016-07-22 19:14:09","Zero","long",4,"SocialFirst","          ","          I don't know","Safari",0,5017,"Novel138","Novel59",-1,"straight-ahead",1,"Switch","participant_response",8,"exposure",1,NA,"include",0,4,"No-Gaze",FALSE,NA,1,"second","include",0.875,NA,5017,"participant_response"
"2016-07-22 19:14:09","Zero","long",4,"SocialFirst","          ","          I don't know","Safari",2,4551,"Novel64","Novel64",-1,"straight-ahead",2,"Same","participant_response",9,"exposure",0,NA,"include",0,4,"No-Gaze",FALSE,NA,1,"second","include",0.875,NA,4551,"participant_response"
"2016-07-22 19:14:09","Zero","long",4,"SocialFirst","          ","          I don't know","Safari",0,3827,"Novel14","Novel121",-1,"straight-ahead",2,"Switch","participant_response",10,"exposure",1,NA,"include",0,4,"No-Gaze",FALSE,NA,1,"second","include",0.875,NA,3827,"participant_response"
"2016-07-22 19:14:09","Zero","long",4,"SocialFirst","          ","          I don't know","Safari",0,4553,"Novel108","Novel108",-1,"straight-ahead",0,"Same","participant_response",11,"exposure",1,NA,"include",0,4,"No-Gaze",FALSE,NA,1,"second","include",0.875,NA,4553,"participant_response"
"2016-07-22 19:14:09","Zero","long",4,"SocialFirst","          ","          I don't know","Safari",2,3420,"Novel13","Novel18",-1,"straight-ahead",1,"Switch","participant_response",12,"exposure",0,NA,"include",0,4,"No-Gaze",FALSE,NA,1,"second","include",0.875,NA,3420,"participant_response"
"2016-07-22 19:14:09","Zero","long",4,"SocialFirst","          ","          I don't know","Safari",3,7116,"Novel24","Novel24",-1,"straight-ahead",3,"Same","participant_response",13,"exposure",1,NA,"include",0,4,"No-Gaze",FALSE,NA,1,"second","include",0.875,NA,7116,"participant_response"
"2016-07-22 19:14:09","Zero","long",4,"SocialFirst","          ","          I don't know","Safari",0,3992,"Novel135","Novel5",-1,"straight-ahead",3,"Switch","participant_response",14,"exposure",0,NA,"include",0,4,"No-Gaze",FALSE,NA,1,"second","include",0.875,NA,3992,"participant_response"
"2016-07-22 19:14:09","Zero","long",4,"SocialFirst","          ","          I don't know","Safari",0,4764,"Novel104","Novel104",-1,"straight-ahead",0,"Same","participant_response",15,"exposure",0,NA,"include",0,4,"No-Gaze",FALSE,NA,1,"second","include",0.875,NA,4764,"participant_response"
"2016-07-22 19:15:56","Zero","long",4,"SocialFirst","          ","          How we learn words and associate them ","Chrome",3,6916,"Novel117","Novel117",-1,"straight-ahead",3,"Switch","participant_response",0,"test",1,NA,"include",0,4,"Gaze",FALSE,TRUE,2,"first","include",1,TRUE,3550,"participant_response"
"2016-07-22 19:15:56","Zero","long",4,"SocialFirst","          ","          How we learn words and associate them ","Chrome",3,2488,"Novel7","Novel7",-1,"straight-ahead",1,"Same","participant_response",1,"test",0,NA,"include",0,4,"Gaze",FALSE,TRUE,2,"first","include",1,TRUE,3451,"participant_response"
"2016-07-22 19:15:56","Zero","long",4,"SocialFirst","          ","          How we learn words and associate them ","Chrome",3,3244,"Novel16","Novel10",-1,"straight-ahead",3,"Switch","participant_response",2,"test",0,NA,"include",0,4,"Gaze",FALSE,FALSE,2,"first","include",1,TRUE,2692,"participant_response"
"2016-07-22 19:15:56","Zero","long",4,"SocialFirst","          ","          How we learn words and associate them ","Chrome",3,3190,"Novel59","Novel59",-1,"straight-ahead",1,"Same","participant_response",3,"test",0,NA,"include",0,4,"Gaze",FALSE,TRUE,2,"first","include",1,TRUE,3457,"participant_response"
"2016-07-22 19:15:56","Zero","long",4,"SocialFirst","          ","          How we learn words and associate them ","Chrome",1,4217,"Novel8","Novel140",-1,"straight-ahead",2,"Switch","participant_response",4,"test",1,NA,"include",0,4,"Gaze",FALSE,FALSE,2,"first","include",1,TRUE,2538,"participant_response"
"2016-07-22 19:15:56","Zero","long",4,"SocialFirst","          ","          How we learn words and associate them ","Chrome",2,2672,"Novel102","Novel102",-1,"straight-ahead",2,"Same","participant_response",5,"test",1,NA,"include",0,4,"Gaze",FALSE,TRUE,2,"first","include",1,TRUE,3129,"participant_response"
"2016-07-22 19:15:56","Zero","long",4,"SocialFirst","          ","          How we learn words and associate them ","Chrome",2,2932,"Novel1","Novel1",-1,"straight-ahead",1,"Switch","participant_response",6,"test",0,NA,"include",0,4,"Gaze",FALSE,TRUE,2,"first","include",1,TRUE,3319,"participant_response"
"2016-07-22 19:15:56","Zero","long",4,"SocialFirst","          ","          How we learn words and associate them ","Chrome",1,2777,"Novel81","Novel81",-1,"straight-ahead",1,"Same","participant_response",7,"test",1,NA,"include",0,4,"Gaze",FALSE,TRUE,2,"first","include",1,TRUE,4958,"participant_response"
"2016-07-22 19:15:56","Zero","long",4,"SocialFirst","          ","          How we learn words and associate them ","Chrome",2,3209,"Novel110","Novel98",-1,"straight-ahead",1,"Switch","participant_response",8,"test",1,NA,"include",0,4,"No-Gaze",FALSE,FALSE,2,"second","include",1,NA,6025,"participant_response"
"2016-07-22 19:15:56","Zero","long",4,"SocialFirst","          ","          How we learn words and associate them ","Chrome",2,3339,"Novel58","Novel58",-1,"straight-ahead",3,"Same","participant_response",9,"test",0,NA,"include",0,4,"No-Gaze",FALSE,TRUE,2,"second","include",1,NA,4574,"participant_response"
"2016-07-22 19:15:56","Zero","long",4,"SocialFirst","          ","          How we learn words and associate them ","Chrome",2,4788,"Novel90","Novel134",-1,"straight-ahead",2,"Switch","participant_response",10,"test",0,NA,"include",0,4,"No-Gaze",FALSE,FALSE,2,"second","include",1,NA,4276,"participant_response"
"2016-07-22 19:15:56","Zero","long",4,"SocialFirst","          ","          How we learn words and associate them ","Chrome",2,2056,"Novel77","Novel77",-1,"straight-ahead",0,"Same","participant_response",11,"test",0,NA,"include",0,4,"No-Gaze",FALSE,TRUE,2,"second","include",1,NA,5638,"participant_response"
"2016-07-22 19:15:56","Zero","long",4,"SocialFirst","          ","          How we learn words and associate them ","Chrome",2,2144,"Novel5","Novel5",-1,"straight-ahead",2,"Switch","participant_response",12,"test",1,NA,"include",0,4,"No-Gaze",FALSE,TRUE,2,"second","include",1,NA,4522,"participant_response"
"2016-07-22 19:15:56","Zero","long",4,"SocialFirst","          ","          How we learn words and associate them ","Chrome",2,2253,"Novel124","Novel124",-1,"straight-ahead",2,"Same","participant_response",13,"test",1,NA,"include",0,4,"No-Gaze",FALSE,TRUE,2,"second","include",1,NA,4265,"participant_response"
"2016-07-22 19:15:56","Zero","long",4,"SocialFirst","          ","          How we learn words and associate them ","Chrome",0,4215,"Novel125","Novel94",-1,"straight-ahead",2,"Switch","participant_response",14,"test",0,NA,"include",0,4,"No-Gaze",FALSE,FALSE,2,"second","include",1,NA,3992,"participant_response"
"2016-07-22 19:15:56","Zero","long",4,"SocialFirst","          ","          How we learn words and associate them ","Chrome",2,2499,"Novel38","Novel38",-1,"straight-ahead",2,"Same","participant_response",15,"test",1,NA,"include",0,4,"No-Gaze",FALSE,TRUE,2,"second","include",1,NA,6337,"participant_response"
"2016-07-22 19:15:56","Zero","long",4,"SocialFirst","          ","          How we learn words and associate them ","Chrome",0,3550,"Novel117","Novel17",0,"up-left-4sec",3,"Switch","participant_response",0,"exposure",1,"Novel17","include",0,4,"Gaze",FALSE,TRUE,2,"first","include",1,TRUE,3550,"participant_response"
"2016-07-22 19:15:56","Zero","long",4,"SocialFirst","          ","          How we learn words and associate them ","Chrome",1,3451,"Novel7","Novel7",1,"up-right-4sec",1,"Same","participant_response",1,"exposure",0,"Novel7","include",0,4,"Gaze",FALSE,TRUE,2,"first","include",1,TRUE,3451,"participant_response"
"2016-07-22 19:15:56","Zero","long",4,"SocialFirst","          ","          How we learn words and associate them ","Chrome",1,2692,"Novel16","Novel83",1,"up-right-4sec",3,"Switch","participant_response",2,"exposure",0,"Novel83","include",0,4,"Gaze",FALSE,TRUE,2,"first","include",1,TRUE,2692,"participant_response"
"2016-07-22 19:15:56","Zero","long",4,"SocialFirst","          ","          How we learn words and associate them ","Chrome",1,3457,"Novel59","Novel59",1,"up-right-4sec",1,"Same","participant_response",3,"exposure",0,"Novel59","include",0,4,"Gaze",FALSE,TRUE,2,"first","include",1,TRUE,3457,"participant_response"
"2016-07-22 19:15:56","Zero","long",4,"SocialFirst","          ","          How we learn words and associate them ","Chrome",1,2538,"Novel8","Novel6",1,"up-right-4sec",2,"Switch","participant_response",4,"exposure",1,"Novel6","include",0,4,"Gaze",FALSE,TRUE,2,"first","include",1,TRUE,2538,"participant_response"
"2016-07-22 19:15:56","Zero","long",4,"SocialFirst","          ","          How we learn words and associate them ","Chrome",2,3129,"Novel102","Novel102",2,"down-left-4sec",2,"Same","participant_response",5,"exposure",1,"Novel102","include",0,4,"Gaze",FALSE,TRUE,2,"first","include",1,TRUE,3129,"participant_response"
"2016-07-22 19:15:56","Zero","long",4,"SocialFirst","          ","          How we learn words and associate them ","Chrome",0,3319,"Novel1","Novel87",0,"up-left-4sec",1,"Switch","participant_response",6,"exposure",0,"Novel87","include",0,4,"Gaze",FALSE,TRUE,2,"first","include",1,TRUE,3319,"participant_response"
"2016-07-22 19:15:56","Zero","long",4,"SocialFirst","          ","          How we learn words and associate them ","Chrome",1,4958,"Novel81","Novel81",1,"up-right-4sec",1,"Same","participant_response",7,"exposure",1,"Novel81","include",0,4,"Gaze",FALSE,TRUE,2,"first","include",1,TRUE,4958,"participant_response"
"2016-07-22 19:15:56","Zero","long",4,"SocialFirst","          ","          How we learn words and associate them ","Chrome",2,6025,"Novel110","Novel67",-1,"straight-ahead",1,"Switch","participant_response",8,"exposure",1,NA,"include",0,4,"No-Gaze",FALSE,NA,2,"second","include",1,NA,6025,"participant_response"
"2016-07-22 19:15:56","Zero","long",4,"SocialFirst","          ","          How we learn words and associate them ","Chrome",3,4574,"Novel58","Novel58",-1,"straight-ahead",3,"Same","participant_response",9,"exposure",0,NA,"include",0,4,"No-Gaze",FALSE,NA,2,"second","include",1,NA,4574,"participant_response"
"2016-07-22 19:15:56","Zero","long",4,"SocialFirst","          ","          How we learn words and associate them ","Chrome",3,4276,"Novel90","Novel13",-1,"straight-ahead",2,"Switch","participant_response",10,"exposure",0,NA,"include",0,4,"No-Gaze",FALSE,NA,2,"second","include",1,NA,4276,"participant_response"
"2016-07-22 19:15:56","Zero","long",4,"SocialFirst","          ","          How we learn words and associate them ","Chrome",0,5638,"Novel77","Novel77",-1,"straight-ahead",0,"Same","participant_response",11,"exposure",0,NA,"include",0,4,"No-Gaze",FALSE,NA,2,"second","include",1,NA,5638,"participant_response"
"2016-07-22 19:15:56","Zero","long",4,"SocialFirst","          ","          How we learn words and associate them ","Chrome",0,4522,"Novel5","Novel53",-1,"straight-ahead",2,"Switch","participant_response",12,"exposure",1,NA,"include",0,4,"No-Gaze",FALSE,NA,2,"second","include",1,NA,4522,"participant_response"
"2016-07-22 19:15:56","Zero","long",4,"SocialFirst","          ","          How we learn words and associate them ","Chrome",2,4265,"Novel124","Novel124",-1,"straight-ahead",2,"Same","participant_response",13,"exposure",1,NA,"include",0,4,"No-Gaze",FALSE,NA,2,"second","include",1,NA,4265,"participant_response"
"2016-07-22 19:15:56","Zero","long",4,"SocialFirst","          ","          How we learn words and associate them ","Chrome",0,3992,"Novel125","Novel96",-1,"straight-ahead",2,"Switch","participant_response",14,"exposure",0,NA,"include",0,4,"No-Gaze",FALSE,NA,2,"second","include",1,NA,3992,"participant_response"
"2016-07-22 19:15:56","Zero","long",4,"SocialFirst","          ","          How we learn words and associate them ","Chrome",2,6337,"Novel38","Novel38",-1,"straight-ahead",2,"Same","participant_response",15,"exposure",1,NA,"include",0,4,"No-Gaze",FALSE,NA,2,"second","include",1,NA,6337,"participant_response"
"2016-07-22 19:11:19","Zero","long",4,"SocialFirst","No          ","          Perception","Chrome",3,7477,"Novel74","Novel44",-1,"straight-ahead",1,"Switch","participant_response",0,"test",0,NA,"include",0,4,"Gaze",FALSE,FALSE,3,"first","include",1,TRUE,3984,"participant_response"
"2016-07-22 19:11:19","Zero","long",4,"SocialFirst","No          ","          Perception","Chrome",1,5792,"Novel34","Novel131",-1,"straight-ahead",1,"Same","participant_response",1,"test",0,NA,"include",0,4,"Gaze",FALSE,FALSE,3,"first","include",1,TRUE,3922,"participant_response"
"2016-07-22 19:11:19","Zero","long",4,"SocialFirst","No          ","          Perception","Chrome",0,5548,"Novel70","Novel140",-1,"straight-ahead",2,"Switch","participant_response",2,"test",1,NA,"include",0,4,"Gaze",FALSE,FALSE,3,"first","include",1,TRUE,3389,"participant_response"
"2016-07-22 19:11:19","Zero","long",4,"SocialFirst","No          ","          Perception","Chrome",2,3721,"Novel95","Novel95",-1,"straight-ahead",2,"Same","participant_response",3,"test",1,NA,"include",0,4,"Gaze",FALSE,TRUE,3,"first","include",1,TRUE,4539,"participant_response"
"2016-07-22 19:11:19","Zero","long",4,"SocialFirst","No          ","          Perception","Chrome",2,3352,"Novel14","Novel14",-1,"straight-ahead",3,"Switch","participant_response",4,"test",0,NA,"include",0,4,"Gaze",FALSE,TRUE,3,"first","include",1,TRUE,5652,"participant_response"
"2016-07-22 19:11:19","Zero","long",4,"SocialFirst","No          ","          Perception","Chrome",2,3980,"Novel138","Novel41",-1,"straight-ahead",3,"Switch","participant_response",6,"test",1,NA,"include",0,4,"Gaze",FALSE,FALSE,3,"first","include",1,TRUE,6421,"participant_response"
"2016-07-22 19:11:19","Zero","long",4,"SocialFirst","No          ","          Perception","Chrome",2,4015,"Novel21","Novel99",-1,"straight-ahead",1,"Same","participant_response",7,"test",0,NA,"include",0,4,"Gaze",FALSE,FALSE,3,"first","include",1,TRUE,3491,"participant_response"
"2016-07-22 19:11:19","Zero","long",4,"SocialFirst","No          ","          Perception","Chrome",0,5986,"Novel33","Novel18",-1,"straight-ahead",0,"Same","participant_response",9,"test",0,NA,"include",0,4,"No-Gaze",FALSE,FALSE,3,"second","include",1,NA,4378,"participant_response"
"2016-07-22 19:11:19","Zero","long",4,"SocialFirst","No          ","          Perception","Chrome",0,2838,"Novel121","Novel53",-1,"straight-ahead",1,"Switch","participant_response",10,"test",1,NA,"include",0,4,"No-Gaze",FALSE,FALSE,3,"second","include",1,NA,3478,"participant_response"
"2016-07-22 19:11:19","Zero","long",4,"SocialFirst","No          ","          Perception","Chrome",0,5178,"Novel106","Novel106",-1,"straight-ahead",0,"Same","participant_response",11,"test",1,NA,"include",0,4,"No-Gaze",FALSE,TRUE,3,"second","include",1,NA,3227,"participant_response"
"2016-07-22 19:11:19","Zero","long",4,"SocialFirst","No          ","          Perception","Chrome",2,4430,"Novel89","Novel118",-1,"straight-ahead",1,"Same","participant_response",13,"test",1,NA,"include",0,4,"No-Gaze",FALSE,FALSE,3,"second","include",1,NA,4181,"participant_response"
"2016-07-22 19:11:19","Zero","long",4,"SocialFirst","No          ","          Perception","Chrome",3,3740,"Novel23","Novel117",-1,"straight-ahead",3,"Same","participant_response",15,"test",0,NA,"include",0,4,"No-Gaze",FALSE,FALSE,3,"second","include",1,NA,6755,"participant_response"
"2016-07-22 19:11:19","Zero","long",4,"SocialFirst","No          ","          Perception","Chrome",3,3984,"Novel74","Novel82",3,"down-right-4sec",1,"Switch","participant_response",0,"exposure",0,"Novel82","include",0,4,"Gaze",FALSE,TRUE,3,"first","include",1,TRUE,3984,"participant_response"
"2016-07-22 19:11:19","Zero","long",4,"SocialFirst","No          ","          Perception","Chrome",1,3922,"Novel34","Novel34",1,"up-right-4sec",1,"Same","participant_response",1,"exposure",0,"Novel34","include",0,4,"Gaze",FALSE,TRUE,3,"first","include",1,TRUE,3922,"participant_response"
"2016-07-22 19:11:19","Zero","long",4,"SocialFirst","No          ","          Perception","Chrome",0,3389,"Novel70","Novel51",0,"up-left-4sec",2,"Switch","participant_response",2,"exposure",1,"Novel51","include",0,4,"Gaze",FALSE,TRUE,3,"first","include",1,TRUE,3389,"participant_response"
"2016-07-22 19:11:19","Zero","long",4,"SocialFirst","No          ","          Perception","Chrome",2,4539,"Novel95","Novel95",2,"down-left-4sec",2,"Same","participant_response",3,"exposure",1,"Novel95","include",0,4,"Gaze",FALSE,TRUE,3,"first","include",1,TRUE,4539,"participant_response"
"2016-07-22 19:11:19","Zero","long",4,"SocialFirst","No          ","          Perception","Chrome",2,5652,"Novel14","Novel129",2,"down-left-4sec",3,"Switch","participant_response",4,"exposure",0,"Novel129","include",0,4,"Gaze",FALSE,TRUE,3,"first","include",1,TRUE,5652,"participant_response"
"2016-07-22 19:11:19","Zero","long",4,"SocialFirst","No          ","          Perception","Chrome",2,4249,"Novel15","Novel15",2,"down-left-4sec",2,"Same","participant_response",5,"exposure",1,"Novel15","include",0,4,"Gaze",FALSE,TRUE,3,"first","include",1,TRUE,4249,"participant_response"
"2016-07-22 19:11:19","Zero","long",4,"SocialFirst","No          ","          Perception","Chrome",2,6421,"Novel138","Novel73",2,"down-left-4sec",3,"Switch","participant_response",6,"exposure",1,"Novel73","include",0,4,"Gaze",FALSE,TRUE,3,"first","include",1,TRUE,6421,"participant_response"
"2016-07-22 19:11:19","Zero","long",4,"SocialFirst","No          ","          Perception","Chrome",1,3491,"Novel21","Novel21",1,"up-right-4sec",1,"Same","participant_response",7,"exposure",0,"Novel21","include",0,4,"Gaze",FALSE,TRUE,3,"first","include",1,TRUE,3491,"participant_response"
"2016-07-22 19:11:19","Zero","long",4,"SocialFirst","No          ","          Perception","Chrome",1,7002,"Novel139","Novel92",-1,"straight-ahead",2,"Switch","timed_out",8,"exposure",0,NA,"include",0,4,"No-Gaze",FALSE,NA,3,"second","include",1,NA,7002,"timed_out"
"2016-07-22 19:11:19","Zero","long",4,"SocialFirst","No          ","          Perception","Chrome",0,4378,"Novel33","Novel33",-1,"straight-ahead",0,"Same","participant_response",9,"exposure",0,NA,"include",0,4,"No-Gaze",FALSE,NA,3,"second","include",1,NA,4378,"participant_response"
"2016-07-22 19:11:19","Zero","long",4,"SocialFirst","No          ","          Perception","Chrome",0,3478,"Novel121","Novel119",-1,"straight-ahead",1,"Switch","participant_response",10,"exposure",1,NA,"include",0,4,"No-Gaze",FALSE,NA,3,"second","include",1,NA,3478,"participant_response"
"2016-07-22 19:11:19","Zero","long",4,"SocialFirst","No          ","          Perception","Chrome",0,3227,"Novel106","Novel106",-1,"straight-ahead",0,"Same","participant_response",11,"exposure",1,NA,"include",0,4,"No-Gaze",FALSE,NA,3,"second","include",1,NA,3227,"participant_response"
"2016-07-22 19:11:19","Zero","long",4,"SocialFirst","No          ","          Perception","Chrome",1,7343,"Novel32","Novel126",-1,"straight-ahead",2,"Switch","timed_out",12,"exposure",0,NA,"include",0,4,"No-Gaze",FALSE,NA,3,"second","include",1,NA,7343,"timed_out"
"2016-07-22 19:11:19","Zero","long",4,"SocialFirst","No          ","          Perception","Chrome",1,4181,"Novel89","Novel89",-1,"straight-ahead",1,"Same","participant_response",13,"exposure",1,NA,"include",0,4,"No-Gaze",FALSE,NA,3,"second","include",1,NA,4181,"participant_response"
"2016-07-22 19:11:19","Zero","long",4,"SocialFirst","No          ","          Perception","Chrome",2,7002,"Novel65","Novel7",-1,"straight-ahead",3,"Switch","timed_out",14,"exposure",1,NA,"include",0,4,"No-Gaze",FALSE,NA,3,"second","include",1,NA,7002,"timed_out"
"2016-07-22 19:11:19","Zero","long",4,"SocialFirst","No          ","          Perception","Chrome",3,6755,"Novel23","Novel23",-1,"straight-ahead",3,"Same","participant_response",15,"exposure",0,NA,"include",0,4,"No-Gaze",FALSE,NA,3,"second","include",1,NA,6755,"participant_response"
"2016-07-22 18:48:16","Zero","short",4,"SocialFirst","          ","I don't know.","Chrome",3,5986,"Novel62","Novel96",-1,"straight-ahead",1,"Switch","participant_response",2,"test",1,NA,"include",0,4,"Gaze",FALSE,FALSE,4,"first","include",0.75,TRUE,4511,"participant_response"
"2016-07-22 18:48:16","Zero","short",4,"SocialFirst","          ","I don't know.","Chrome",0,3545,"Novel42","Novel42",-1,"straight-ahead",0,"Same","participant_response",3,"test",1,NA,"include",0,4,"Gaze",FALSE,TRUE,4,"first","include",0.75,TRUE,4553,"participant_response"
"2016-07-22 18:48:16","Zero","short",4,"SocialFirst","          ","I don't know.","Chrome",2,4725,"Novel95","Novel10",-1,"straight-ahead",0,"Switch","participant_response",4,"test",0,NA,"include",0,4,"Gaze",FALSE,FALSE,4,"first","include",0.75,TRUE,3936,"participant_response"
"2016-07-22 18:48:16","Zero","short",4,"SocialFirst","          ","I don't know.","Chrome",3,3402,"Novel61","Novel61",-1,"straight-ahead",0,"Same","participant_response",5,"test",0,NA,"include",0,4,"Gaze",FALSE,TRUE,4,"first","include",0.75,TRUE,3898,"participant_response"
"2016-07-22 18:48:16","Zero","short",4,"SocialFirst","          ","I don't know.","Chrome",0,4462,"Novel59","Novel139",-1,"straight-ahead",2,"Switch","participant_response",6,"test",1,NA,"include",0,4,"Gaze",FALSE,FALSE,4,"first","include",0.75,TRUE,4672,"participant_response"
"2016-07-22 18:48:16","Zero","short",4,"SocialFirst","          ","I don't know.","Chrome",2,3345,"Novel111","Novel111",-1,"straight-ahead",0,"Same","participant_response",7,"test",0,NA,"include",0,4,"Gaze",FALSE,TRUE,4,"first","include",0.75,TRUE,3838,"participant_response"
"2016-07-22 18:48:16","Zero","short",4,"SocialFirst","          ","I don't know.","Chrome",3,4679,"Novel124","Novel103",-1,"straight-ahead",3,"Switch","participant_response",8,"test",0,NA,"include",0,4,"No-Gaze",FALSE,FALSE,4,"second","include",0.75,NA,4722,"participant_response"
"2016-07-22 18:48:16","Zero","short",4,"SocialFirst","          ","I don't know.","Chrome",2,6092,"Novel80","Novel37",-1,"straight-ahead",1,"Same","participant_response",9,"test",1,NA,"include",0,4,"No-Gaze",FALSE,FALSE,4,"second","include",0.75,NA,3728,"participant_response"
"2016-07-22 18:48:16","Zero","short",4,"SocialFirst","          ","I don't know.","Chrome",2,4453,"Novel51","Novel51",-1,"straight-ahead",2,"Switch","participant_response",10,"test",1,NA,"include",0,4,"No-Gaze",FALSE,TRUE,4,"second","include",0.75,NA,4482,"participant_response"
"2016-07-22 18:48:16","Zero","short",4,"SocialFirst","          ","I don't know.","Chrome",0,3777,"Novel130","Novel130",-1,"straight-ahead",3,"Switch","participant_response",12,"test",0,NA,"include",0,4,"No-Gaze",FALSE,TRUE,4,"second","include",0.75,NA,4183,"participant_response"
"2016-07-22 18:48:16","Zero","short",4,"SocialFirst","          ","I don't know.","Chrome",3,3369,"Novel55","Novel138",-1,"straight-ahead",1,"Switch","participant_response",14,"test",1,NA,"include",0,4,"No-Gaze",FALSE,FALSE,4,"second","include",0.75,NA,4127,"participant_response"
"2016-07-22 18:48:16","Zero","short",4,"SocialFirst","          ","I don't know.","Chrome",1,3701,"Novel102","Novel102",-1,"straight-ahead",2,"Same","participant_response",15,"test",0,NA,"include",0,4,"No-Gaze",FALSE,TRUE,4,"second","include",0.75,NA,3605,"participant_response"
"2016-07-22 18:48:16","Zero","short",4,"SocialFirst","          ","I don't know.","Chrome",0,4511,"Novel62","Novel24",0,"up-left-4sec",1,"Switch","participant_response",2,"exposure",1,"Novel24","include",0,4,"Gaze",FALSE,TRUE,4,"first","include",0.75,TRUE,4511,"participant_response"
"2016-07-22 18:48:16","Zero","short",4,"SocialFirst","          ","I don't know.","Chrome",0,4553,"Novel42","Novel42",0,"up-left-4sec",0,"Same","participant_response",3,"exposure",1,"Novel42","include",0,4,"Gaze",FALSE,TRUE,4,"first","include",0.75,TRUE,4553,"participant_response"
"2016-07-22 18:48:16","Zero","short",4,"SocialFirst","          ","I don't know.","Chrome",3,3936,"Novel95","Novel45",3,"down-right-4sec",0,"Switch","participant_response",4,"exposure",0,"Novel45","include",0,4,"Gaze",FALSE,TRUE,4,"first","include",0.75,TRUE,3936,"participant_response"
"2016-07-22 18:48:16","Zero","short",4,"SocialFirst","          ","I don't know.","Chrome",0,3898,"Novel61","Novel61",0,"up-left-4sec",0,"Same","participant_response",5,"exposure",0,"Novel61","include",0,4,"Gaze",FALSE,TRUE,4,"first","include",0.75,TRUE,3898,"participant_response"
"2016-07-22 18:48:16","Zero","short",4,"SocialFirst","          ","I don't know.","Chrome",3,4672,"Novel59","Novel43",3,"down-right-4sec",2,"Switch","participant_response",6,"exposure",1,"Novel43","include",0,4,"Gaze",FALSE,TRUE,4,"first","include",0.75,TRUE,4672,"participant_response"
"2016-07-22 18:48:16","Zero","short",4,"SocialFirst","          ","I don't know.","Chrome",0,3838,"Novel111","Novel111",0,"up-left-4sec",0,"Same","participant_response",7,"exposure",0,"Novel111","include",0,4,"Gaze",FALSE,TRUE,4,"first","include",0.75,TRUE,3838,"participant_response"
"2016-07-22 18:48:16","Zero","short",4,"SocialFirst","          ","I don't know.","Chrome",0,4722,"Novel124","Novel29",-1,"straight-ahead",3,"Switch","participant_response",8,"exposure",0,NA,"include",0,4,"No-Gaze",FALSE,NA,4,"second","include",0.75,NA,4722,"participant_response"
"2016-07-22 18:48:16","Zero","short",4,"SocialFirst","          ","I don't know.","Chrome",1,3728,"Novel80","Novel80",-1,"straight-ahead",1,"Same","participant_response",9,"exposure",1,NA,"include",0,4,"No-Gaze",FALSE,NA,4,"second","include",0.75,NA,3728,"participant_response"
"2016-07-22 18:48:16","Zero","short",4,"SocialFirst","          ","I don't know.","Chrome",0,4482,"Novel51","Novel53",-1,"straight-ahead",2,"Switch","participant_response",10,"exposure",1,NA,"include",0,4,"No-Gaze",FALSE,NA,4,"second","include",0.75,NA,4482,"participant_response"
"2016-07-22 18:48:16","Zero","short",4,"SocialFirst","          ","I don't know.","Chrome",2,4988,"Novel118","Novel118",-1,"straight-ahead",2,"Same","timed_out",11,"exposure",1,NA,"include",0,4,"No-Gaze",FALSE,NA,4,"second","include",0.75,NA,4988,"timed_out"
"2016-07-22 18:48:16","Zero","short",4,"SocialFirst","          ","I don't know.","Chrome",2,4183,"Novel130","Novel18",-1,"straight-ahead",3,"Switch","participant_response",12,"exposure",0,NA,"include",0,4,"No-Gaze",FALSE,NA,4,"second","include",0.75,NA,4183,"participant_response"
"2016-07-22 18:48:16","Zero","short",4,"SocialFirst","          ","I don't know.","Chrome",1,4983,"Novel86","Novel86",-1,"straight-ahead",1,"Same","timed_out",13,"exposure",0,NA,"include",0,4,"No-Gaze",FALSE,NA,4,"second","include",0.75,NA,4983,"timed_out"
"2016-07-22 18:48:16","Zero","short",4,"SocialFirst","          ","I don't know.","Chrome",2,4127,"Novel55","Novel7",-1,"straight-ahead",1,"Switch","participant_response",14,"exposure",1,NA,"include",0,4,"No-Gaze",FALSE,NA,4,"second","include",0.75,NA,4127,"participant_response"
"2016-07-22 18:48:16","Zero","short",4,"SocialFirst","          ","I don't know.","Chrome",2,3605,"Novel102","Novel102",-1,"straight-ahead",2,"Same","participant_response",15,"exposure",0,NA,"include",0,4,"No-Gaze",FALSE,NA,4,"second","include",0.75,NA,3605,"participant_response"
"2016-07-22 19:22:17","Zero","long",4,"No-socialFirst","          None","          learnng words","Chrome",3,6332,"Novel122","Novel129",-1,"straight-ahead",0,"Same","participant_response",0,"test",0,NA,"include",0,4,"No-Gaze",FALSE,FALSE,5,"first","include",1,NA,5012,"participant_response"
"2016-07-22 19:22:17","Zero","long",4,"No-socialFirst","          None","          learnng words","Chrome",1,3538,"Novel132","Novel94",-1,"straight-ahead",0,"Switch","participant_response",1,"test",1,NA,"include",0,4,"No-Gaze",FALSE,FALSE,5,"first","include",1,NA,4654,"participant_response"
"2016-07-22 19:22:17","Zero","long",4,"No-socialFirst","          None","          learnng words","Chrome",3,3898,"Novel18","Novel8",-1,"straight-ahead",1,"Same","participant_response",2,"test",0,NA,"include",0,4,"No-Gaze",FALSE,FALSE,5,"first","include",1,NA,3467,"participant_response"
"2016-07-22 19:22:17","Zero","long",4,"No-socialFirst","          None","          learnng words","Chrome",1,4049,"Novel43","Novel100",-1,"straight-ahead",3,"Switch","participant_response",3,"test",1,NA,"include",0,4,"No-Gaze",FALSE,FALSE,5,"first","include",1,NA,4596,"participant_response"
"2016-07-22 19:22:17","Zero","long",4,"No-socialFirst","          None","          learnng words","Chrome",3,3921,"Novel49","Novel138",-1,"straight-ahead",1,"Same","participant_response",4,"test",1,NA,"include",0,4,"No-Gaze",FALSE,FALSE,5,"first","include",1,NA,4129,"participant_response"
"2016-07-22 19:22:17","Zero","long",4,"No-socialFirst","          None","          learnng words","Chrome",3,3691,"Novel91","Novel83",-1,"straight-ahead",2,"Switch","participant_response",5,"test",0,NA,"include",0,4,"No-Gaze",FALSE,FALSE,5,"first","include",1,NA,4202,"participant_response"
"2016-07-22 19:22:17","Zero","long",4,"No-socialFirst","          None","          learnng words","Chrome",0,3783,"Novel14","Novel14",-1,"straight-ahead",0,"Same","participant_response",6,"test",1,NA,"include",0,4,"No-Gaze",FALSE,TRUE,5,"first","include",1,NA,5724,"participant_response"
"2016-07-22 19:22:17","Zero","long",4,"No-socialFirst","          None","          learnng words","Chrome",1,3943,"Novel137","Novel98",-1,"straight-ahead",0,"Switch","participant_response",7,"test",0,NA,"include",0,4,"No-Gaze",FALSE,FALSE,5,"first","include",1,NA,5237,"participant_response"
"2016-07-22 19:22:17","Zero","long",4,"No-socialFirst","          None","          learnng words","Chrome",3,3251,"Novel59","Novel59",-1,"straight-ahead",0,"Same","participant_response",8,"test",0,NA,"include",0,4,"Gaze",FALSE,TRUE,5,"second","include",1,TRUE,3221,"participant_response"
"2016-07-22 19:22:17","Zero","long",4,"No-socialFirst","          None","          learnng words","Chrome",3,4137,"Novel102","Novel112",-1,"straight-ahead",2,"Switch","participant_response",9,"test",1,NA,"include",0,4,"Gaze",FALSE,FALSE,5,"second","include",1,TRUE,2763,"participant_response"
"2016-07-22 19:22:17","Zero","long",4,"No-socialFirst","          None","          learnng words","Chrome",2,4377,"Novel101","Novel110",-1,"straight-ahead",2,"Same","participant_response",10,"test",0,NA,"include",0,4,"Gaze",FALSE,FALSE,5,"second","include",1,TRUE,4159,"participant_response"
"2016-07-22 19:22:17","Zero","long",4,"No-socialFirst","          None","          learnng words","Chrome",2,4104,"Novel134","Novel134",-1,"straight-ahead",2,"Switch","participant_response",11,"test",1,NA,"include",0,4,"Gaze",FALSE,TRUE,5,"second","include",1,TRUE,3277,"participant_response"
"2016-07-22 19:22:17","Zero","long",4,"No-socialFirst","          None","          learnng words","Chrome",1,3891,"Novel4","Novel4",-1,"straight-ahead",1,"Same","participant_response",12,"test",1,NA,"include",0,4,"Gaze",FALSE,TRUE,5,"second","include",1,TRUE,2866,"participant_response"
"2016-07-22 19:22:17","Zero","long",4,"No-socialFirst","          None","          learnng words","Chrome",3,4655,"Novel17","Novel54",-1,"straight-ahead",1,"Switch","participant_response",13,"test",0,NA,"include",0,4,"Gaze",FALSE,FALSE,5,"second","include",1,TRUE,2705,"participant_response"
"2016-07-22 19:22:17","Zero","long",4,"No-socialFirst","          None","          learnng words","Chrome",1,3485,"Novel42","Novel42",-1,"straight-ahead",1,"Same","participant_response",14,"test",1,NA,"include",0,4,"Gaze",FALSE,TRUE,5,"second","include",1,TRUE,2304,"participant_response"
"2016-07-22 19:22:17","Zero","long",4,"No-socialFirst","          None","          learnng words","Chrome",3,3761,"Novel93","Novel26",-1,"straight-ahead",0,"Switch","participant_response",15,"test",0,NA,"include",0,4,"Gaze",FALSE,FALSE,5,"second","include",1,TRUE,2772,"participant_response"
"2016-07-22 19:22:17","Zero","long",4,"No-socialFirst","          None","          learnng words","Chrome",0,5012,"Novel122","Novel122",-1,"straight-ahead",0,"Same","participant_response",0,"exposure",0,NA,"include",0,4,"No-Gaze",FALSE,NA,5,"first","include",1,NA,5012,"participant_response"
"2016-07-22 19:22:17","Zero","long",4,"No-socialFirst","          None","          learnng words","Chrome",2,4654,"Novel132","Novel88",-1,"straight-ahead",0,"Switch","participant_response",1,"exposure",1,NA,"include",0,4,"No-Gaze",FALSE,NA,5,"first","include",1,NA,4654,"participant_response"
"2016-07-22 19:22:17","Zero","long",4,"No-socialFirst","          None","          learnng words","Chrome",1,3467,"Novel18","Novel18",-1,"straight-ahead",1,"Same","participant_response",2,"exposure",0,NA,"include",0,4,"No-Gaze",FALSE,NA,5,"first","include",1,NA,3467,"participant_response"
"2016-07-22 19:22:17","Zero","long",4,"No-socialFirst","          None","          learnng words","Chrome",0,4596,"Novel43","Novel69",-1,"straight-ahead",3,"Switch","participant_response",3,"exposure",1,NA,"include",0,4,"No-Gaze",FALSE,NA,5,"first","include",1,NA,4596,"participant_response"
"2016-07-22 19:22:17","Zero","long",4,"No-socialFirst","          None","          learnng words","Chrome",1,4129,"Novel49","Novel49",-1,"straight-ahead",1,"Same","participant_response",4,"exposure",1,NA,"include",0,4,"No-Gaze",FALSE,NA,5,"first","include",1,NA,4129,"participant_response"
"2016-07-22 19:22:17","Zero","long",4,"No-socialFirst","          None","          learnng words","Chrome",3,4202,"Novel91","Novel25",-1,"straight-ahead",2,"Switch","participant_response",5,"exposure",0,NA,"include",0,4,"No-Gaze",FALSE,NA,5,"first","include",1,NA,4202,"participant_response"
"2016-07-22 19:22:17","Zero","long",4,"No-socialFirst","          None","          learnng words","Chrome",0,5724,"Novel14","Novel14",-1,"straight-ahead",0,"Same","participant_response",6,"exposure",1,NA,"include",0,4,"No-Gaze",FALSE,NA,5,"first","include",1,NA,5724,"participant_response"
"2016-07-22 19:22:17","Zero","long",4,"No-socialFirst","          None","          learnng words","Chrome",2,5237,"Novel137","Novel136",-1,"straight-ahead",0,"Switch","participant_response",7,"exposure",0,NA,"include",0,4,"No-Gaze",FALSE,NA,5,"first","include",1,NA,5237,"participant_response"
"2016-07-22 19:22:17","Zero","long",4,"No-socialFirst","          None","          learnng words","Chrome",0,3221,"Novel59","Novel59",0,"up-left-4sec",0,"Same","participant_response",8,"exposure",0,"Novel59","include",0,4,"Gaze",FALSE,TRUE,5,"second","include",1,TRUE,3221,"participant_response"
"2016-07-22 19:22:17","Zero","long",4,"No-socialFirst","          None","          learnng words","Chrome",3,2763,"Novel102","Novel15",3,"down-right-4sec",2,"Switch","participant_response",9,"exposure",1,"Novel15","include",0,4,"Gaze",FALSE,TRUE,5,"second","include",1,TRUE,2763,"participant_response"
"2016-07-22 19:22:17","Zero","long",4,"No-socialFirst","          None","          learnng words","Chrome",2,4159,"Novel101","Novel101",2,"down-left-4sec",2,"Same","participant_response",10,"exposure",0,"Novel101","include",0,4,"Gaze",FALSE,TRUE,5,"second","include",1,TRUE,4159,"participant_response"
"2016-07-22 19:22:17","Zero","long",4,"No-socialFirst","          None","          learnng words","Chrome",0,3277,"Novel134","Novel92",0,"up-left-4sec",2,"Switch","participant_response",11,"exposure",1,"Novel92","include",0,4,"Gaze",FALSE,TRUE,5,"second","include",1,TRUE,3277,"participant_response"
"2016-07-22 19:22:17","Zero","long",4,"No-socialFirst","          None","          learnng words","Chrome",1,2866,"Novel4","Novel4",1,"up-right-4sec",1,"Same","participant_response",12,"exposure",1,"Novel4","include",0,4,"Gaze",FALSE,TRUE,5,"second","include",1,TRUE,2866,"participant_response"
"2016-07-22 19:22:17","Zero","long",4,"No-socialFirst","          None","          learnng words","Chrome",0,2705,"Novel17","Novel50",0,"up-left-4sec",1,"Switch","participant_response",13,"exposure",0,"Novel50","include",0,4,"Gaze",FALSE,TRUE,5,"second","include",1,TRUE,2705,"participant_response"
"2016-07-22 19:22:17","Zero","long",4,"No-socialFirst","          None","          learnng words","Chrome",1,2304,"Novel42","Novel42",1,"up-right-4sec",1,"Same","participant_response",14,"exposure",1,"Novel42","include",0,4,"Gaze",FALSE,TRUE,5,"second","include",1,TRUE,2304,"participant_response"
"2016-07-22 19:22:17","Zero","long",4,"No-socialFirst","          None","          learnng words","Chrome",3,2772,"Novel93","Novel105",3,"down-right-4sec",0,"Switch","participant_response",15,"exposure",0,"Novel105","include",0,4,"Gaze",FALSE,TRUE,5,"second","include",1,TRUE,2772,"participant_response"
"2016-07-22 19:42:44","Three","short",4,"No-socialFirst","          ","          not sure","Chrome",0,3269,"Novel30","Novel63",-1,"straight-ahead",0,"Same","participant_response",0,"test",0,NA,"include",3,4,"No-Gaze",FALSE,FALSE,6,"first","include",0.625,NA,2523,"participant_response"
"2016-07-22 19:42:44","Three","short",4,"No-socialFirst","          ","          not sure","Chrome",1,2858,"Novel86","Novel110",-1,"straight-ahead",2,"Switch","participant_response",1,"test",1,NA,"include",3,4,"No-Gaze",FALSE,FALSE,6,"first","include",0.625,NA,2147,"participant_response"
"2016-07-22 19:42:44","Three","short",4,"No-socialFirst","          ","          not sure","Chrome",1,2035,"Novel135","Novel60",-1,"straight-ahead",3,"Same","participant_response",2,"test",1,NA,"include",3,4,"No-Gaze",FALSE,FALSE,6,"first","include",0.625,NA,3225,"participant_response"
"2016-07-22 19:42:44","Three","short",4,"No-socialFirst","          ","          not sure","Chrome",2,2062,"Novel114","Novel136",-1,"straight-ahead",0,"Switch","participant_response",3,"test",1,NA,"include",3,4,"No-Gaze",FALSE,FALSE,6,"first","include",0.625,NA,3635,"participant_response"
"2016-07-22 19:42:44","Three","short",4,"No-socialFirst","          ","          not sure","Chrome",1,3117,"Novel125","Novel68",-1,"straight-ahead",3,"Same","participant_response",4,"test",0,NA,"include",3,4,"No-Gaze",FALSE,FALSE,6,"first","include",0.625,NA,2050,"participant_response"
"2016-07-22 19:42:44","Three","short",4,"No-socialFirst","          ","          not sure","Chrome",1,2338,"Novel89","Novel89",-1,"straight-ahead",3,"Switch","participant_response",5,"test",0,NA,"include",3,4,"No-Gaze",FALSE,TRUE,6,"first","include",0.625,NA,2457,"participant_response"
"2016-07-22 19:42:44","Three","short",4,"No-socialFirst","          ","          not sure","Chrome",3,2563,"Novel5","Novel109",-1,"straight-ahead",2,"Same","participant_response",6,"test",1,NA,"include",3,4,"No-Gaze",FALSE,FALSE,6,"first","include",0.625,NA,2175,"participant_response"
"2016-07-22 19:42:44","Three","short",4,"No-socialFirst","          ","          not sure","Chrome",0,2103,"Novel100","Novel17",-1,"straight-ahead",2,"Switch","participant_response",7,"test",0,NA,"include",3,4,"No-Gaze",FALSE,FALSE,6,"first","include",0.625,NA,3332,"participant_response"
"2016-07-22 19:42:44","Three","short",4,"No-socialFirst","          ","          not sure","Chrome",3,2751,"Novel2","Novel21",-1,"straight-ahead",2,"Switch","participant_response",11,"test",1,NA,"include",3,4,"Gaze",FALSE,FALSE,6,"second","include",0.625,TRUE,4325,"participant_response"
"2016-07-22 19:42:44","Three","short",4,"No-socialFirst","          ","          not sure","Chrome",3,3439,"Novel106","Novel106",-1,"straight-ahead",2,"Same","participant_response",12,"test",0,NA,"include",3,4,"Gaze",FALSE,TRUE,6,"second","include",0.625,TRUE,3130,"participant_response"
"2016-07-22 19:42:44","Three","short",4,"No-socialFirst","          ","          not sure","Chrome",2,4664,"Novel39","Novel93",-1,"straight-ahead",1,"Switch","participant_response",13,"test",0,NA,"include",3,4,"Gaze",FALSE,FALSE,6,"second","include",0.625,TRUE,3156,"participant_response"
"2016-07-22 19:42:44","Three","short",4,"No-socialFirst","          ","          not sure","Chrome",2,2511,"Novel97","Novel97",-1,"straight-ahead",1,"Switch","participant_response",15,"test",0,NA,"include",3,4,"Gaze",FALSE,TRUE,6,"second","include",0.625,TRUE,2914,"participant_response"
"2016-07-22 19:42:44","Three","short",4,"No-socialFirst","          ","          not sure","Chrome",0,2523,"Novel30","Novel30",-1,"straight-ahead",0,"Same","participant_response",0,"exposure",0,NA,"include",3,4,"No-Gaze",FALSE,NA,6,"first","include",0.625,NA,2523,"participant_response"
"2016-07-22 19:42:44","Three","short",4,"No-socialFirst","          ","          not sure","Chrome",1,2147,"Novel86","Novel18",-1,"straight-ahead",2,"Switch","participant_response",1,"exposure",1,NA,"include",3,4,"No-Gaze",FALSE,NA,6,"first","include",0.625,NA,2147,"participant_response"
"2016-07-22 19:42:44","Three","short",4,"No-socialFirst","          ","          not sure","Chrome",3,3225,"Novel135","Novel135",-1,"straight-ahead",3,"Same","participant_response",2,"exposure",1,NA,"include",3,4,"No-Gaze",FALSE,NA,6,"first","include",0.625,NA,3225,"participant_response"
"2016-07-22 19:42:44","Three","short",4,"No-socialFirst","          ","          not sure","Chrome",2,3635,"Novel114","Novel81",-1,"straight-ahead",0,"Switch","participant_response",3,"exposure",1,NA,"include",3,4,"No-Gaze",FALSE,NA,6,"first","include",0.625,NA,3635,"participant_response"
"2016-07-22 19:42:44","Three","short",4,"No-socialFirst","          ","          not sure","Chrome",3,2050,"Novel125","Novel125",-1,"straight-ahead",3,"Same","participant_response",4,"exposure",0,NA,"include",3,4,"No-Gaze",FALSE,NA,6,"first","include",0.625,NA,2050,"participant_response"
"2016-07-22 19:42:44","Three","short",4,"No-socialFirst","          ","          not sure","Chrome",1,2457,"Novel89","Novel27",-1,"straight-ahead",3,"Switch","participant_response",5,"exposure",0,NA,"include",3,4,"No-Gaze",FALSE,NA,6,"first","include",0.625,NA,2457,"participant_response"
"2016-07-22 19:42:44","Three","short",4,"No-socialFirst","          ","          not sure","Chrome",2,2175,"Novel5","Novel5",-1,"straight-ahead",2,"Same","participant_response",6,"exposure",1,NA,"include",3,4,"No-Gaze",FALSE,NA,6,"first","include",0.625,NA,2175,"participant_response"
"2016-07-22 19:42:44","Three","short",4,"No-socialFirst","          ","          not sure","Chrome",0,3332,"Novel100","Novel53",-1,"straight-ahead",2,"Switch","participant_response",7,"exposure",0,NA,"include",3,4,"No-Gaze",FALSE,NA,6,"first","include",0.625,NA,3332,"participant_response"
"2016-07-22 19:42:44","Three","short",4,"No-socialFirst","          ","          not sure","Chrome",3,4620,"Novel36","Novel36",3,"down-right-4sec",3,"Same","timed_out",10,"exposure",1,"Novel36","include",3,4,"Gaze",FALSE,TRUE,6,"second","include",0.625,TRUE,4620,"timed_out"
"2016-07-22 19:42:44","Three","short",4,"No-socialFirst","          ","          not sure","Chrome",3,4325,"Novel2","Novel78",3,"down-right-4sec",2,"Switch","participant_response",11,"exposure",1,"Novel78","include",3,4,"Gaze",FALSE,TRUE,6,"second","include",0.625,TRUE,4325,"participant_response"
"2016-07-22 19:42:44","Three","short",4,"No-socialFirst","          ","          not sure","Chrome",2,3130,"Novel106","Novel106",2,"down-left-4sec",2,"Same","participant_response",12,"exposure",0,"Novel106","include",3,4,"Gaze",FALSE,TRUE,6,"second","include",0.625,TRUE,3130,"participant_response"
"2016-07-22 19:42:44","Three","short",4,"No-socialFirst","          ","          not sure","Chrome",0,3156,"Novel39","Novel104",0,"up-left-4sec",1,"Switch","participant_response",13,"exposure",0,"Novel104","include",3,4,"Gaze",FALSE,TRUE,6,"second","include",0.625,TRUE,3156,"participant_response"
"2016-07-22 19:42:44","Three","short",4,"No-socialFirst","          ","          not sure","Chrome",2,2914,"Novel97","Novel121",2,"down-left-4sec",1,"Switch","participant_response",15,"exposure",0,"Novel121","include",3,4,"Gaze",FALSE,TRUE,6,"second","include",0.625,TRUE,2914,"participant_response"
"2016-07-22 19:30:10","Three","short",4,"SocialFirst","          Sometimes there was no timer.  Sometimes the audio didn't sound until the timer was down to 1-2 seconds and there wasn't time to make a choice.","          Associating sound with objects","Chrome",2,5604,"Novel100","Novel100",-1,"straight-ahead",0,"Same","participant_response",0,"test",0,NA,"include",3,4,"Gaze",FALSE,TRUE,7,"first","include",1,TRUE,4073,"participant_response"
"2016-07-22 19:30:10","Three","short",4,"SocialFirst","          Sometimes there was no timer.  Sometimes the audio didn't sound until the timer was down to 1-2 seconds and there wasn't time to make a choice.","          Associating sound with objects","Chrome",1,7003,"Novel75","Novel75",-1,"straight-ahead",2,"Switch","participant_response",1,"test",0,NA,"include",3,4,"Gaze",FALSE,TRUE,7,"first","include",1,TRUE,4200,"participant_response"
"2016-07-22 19:30:10","Three","short",4,"SocialFirst","          Sometimes there was no timer.  Sometimes the audio didn't sound until the timer was down to 1-2 seconds and there wasn't time to make a choice.","          Associating sound with objects","Chrome",2,6771,"Novel134","Novel134",-1,"straight-ahead",2,"Same","participant_response",2,"test",1,NA,"include",3,4,"Gaze",FALSE,TRUE,7,"first","include",1,TRUE,3899,"participant_response"
"2016-07-22 19:30:10","Three","short",4,"SocialFirst","          Sometimes there was no timer.  Sometimes the audio didn't sound until the timer was down to 1-2 seconds and there wasn't time to make a choice.","          Associating sound with objects","Chrome",0,5333,"Novel131","Novel131",-1,"straight-ahead",0,"Switch","participant_response",3,"test",1,NA,"include",3,4,"Gaze",FALSE,TRUE,7,"first","include",1,TRUE,4342,"participant_response"
"2016-07-22 19:30:10","Three","short",4,"SocialFirst","          Sometimes there was no timer.  Sometimes the audio didn't sound until the timer was down to 1-2 seconds and there wasn't time to make a choice.","          Associating sound with objects","Chrome",3,4933,"Novel25","Novel25",-1,"straight-ahead",2,"Same","participant_response",4,"test",0,NA,"include",3,4,"Gaze",FALSE,TRUE,7,"first","include",1,TRUE,3751,"participant_response"
"2016-07-22 19:30:10","Three","short",4,"SocialFirst","          Sometimes there was no timer.  Sometimes the audio didn't sound until the timer was down to 1-2 seconds and there wasn't time to make a choice.","          Associating sound with objects","Chrome",1,6202,"Novel57","Novel54",-1,"straight-ahead",3,"Switch","participant_response",5,"test",0,NA,"include",3,4,"Gaze",FALSE,FALSE,7,"first","include",1,TRUE,3778,"participant_response"
"2016-07-22 19:30:10","Three","short",4,"SocialFirst","          Sometimes there was no timer.  Sometimes the audio didn't sound until the timer was down to 1-2 seconds and there wasn't time to make a choice.","          Associating sound with objects","Chrome",3,3860,"Novel32","Novel32",-1,"straight-ahead",3,"Same","participant_response",6,"test",1,NA,"include",3,4,"Gaze",FALSE,TRUE,7,"first","include",1,TRUE,4474,"participant_response"
"2016-07-22 19:30:10","Three","short",4,"SocialFirst","          Sometimes there was no timer.  Sometimes the audio didn't sound until the timer was down to 1-2 seconds and there wasn't time to make a choice.","          Associating sound with objects","Chrome",2,9711,"Novel103","Novel45",-1,"straight-ahead",0,"Switch","participant_response",7,"test",1,NA,"include",3,4,"Gaze",FALSE,FALSE,7,"first","include",1,TRUE,3452,"participant_response"
"2016-07-22 19:30:10","Three","short",4,"SocialFirst","          Sometimes there was no timer.  Sometimes the audio didn't sound until the timer was down to 1-2 seconds and there wasn't time to make a choice.","          Associating sound with objects","Chrome",2,5396,"Novel116","Novel44",-1,"straight-ahead",1,"Switch","participant_response",9,"test",0,NA,"include",3,4,"No-Gaze",FALSE,FALSE,7,"second","include",1,NA,3948,"participant_response"
"2016-07-22 19:30:10","Three","short",4,"SocialFirst","          Sometimes there was no timer.  Sometimes the audio didn't sound until the timer was down to 1-2 seconds and there wasn't time to make a choice.","          Associating sound with objects","Chrome",0,7603,"Novel129","Novel55",-1,"straight-ahead",3,"Same","participant_response",10,"test",1,NA,"include",3,4,"No-Gaze",FALSE,FALSE,7,"second","include",1,NA,4034,"participant_response"
"2016-07-22 19:30:10","Three","short",4,"SocialFirst","          Sometimes there was no timer.  Sometimes the audio didn't sound until the timer was down to 1-2 seconds and there wasn't time to make a choice.","          Associating sound with objects","Chrome",2,5717,"Novel43","Novel43",-1,"straight-ahead",2,"Switch","participant_response",11,"test",1,NA,"include",3,4,"No-Gaze",FALSE,TRUE,7,"second","include",1,NA,4408,"participant_response"
"2016-07-22 19:30:10","Three","short",4,"SocialFirst","          Sometimes there was no timer.  Sometimes the audio didn't sound until the timer was down to 1-2 seconds and there wasn't time to make a choice.","          Associating sound with objects","Chrome",3,5096,"Novel101","Novel101",-1,"straight-ahead",0,"Same","participant_response",12,"test",0,NA,"include",3,4,"No-Gaze",FALSE,TRUE,7,"second","include",1,NA,2196,"participant_response"
"2016-07-22 19:30:10","Three","short",4,"SocialFirst","          Sometimes there was no timer.  Sometimes the audio didn't sound until the timer was down to 1-2 seconds and there wasn't time to make a choice.","          Associating sound with objects","Chrome",1,5761,"Novel62","Novel102",-1,"straight-ahead",2,"Switch","participant_response",13,"test",0,NA,"include",3,4,"No-Gaze",FALSE,FALSE,7,"second","include",1,NA,3968,"participant_response"
"2016-07-22 19:30:10","Three","short",4,"SocialFirst","          Sometimes there was no timer.  Sometimes the audio didn't sound until the timer was down to 1-2 seconds and there wasn't time to make a choice.","          Associating sound with objects","Chrome",2,4421,"Novel68","Novel126",-1,"straight-ahead",3,"Switch","participant_response",15,"test",1,NA,"include",3,4,"No-Gaze",FALSE,FALSE,7,"second","include",1,NA,4363,"participant_response"
"2016-07-22 19:30:10","Three","short",4,"SocialFirst","          Sometimes there was no timer.  Sometimes the audio didn't sound until the timer was down to 1-2 seconds and there wasn't time to make a choice.","          Associating sound with objects","Chrome",0,4073,"Novel100","Novel100",0,"up-left-4sec",0,"Same","participant_response",0,"exposure",0,"Novel100","include",3,4,"Gaze",FALSE,TRUE,7,"first","include",1,TRUE,4073,"participant_response"
"2016-07-22 19:30:10","Three","short",4,"SocialFirst","          Sometimes there was no timer.  Sometimes the audio didn't sound until the timer was down to 1-2 seconds and there wasn't time to make a choice.","          Associating sound with objects","Chrome",3,4200,"Novel75","Novel73",3,"down-right-4sec",2,"Switch","participant_response",1,"exposure",0,"Novel73","include",3,4,"Gaze",FALSE,TRUE,7,"first","include",1,TRUE,4200,"participant_response"
"2016-07-22 19:30:10","Three","short",4,"SocialFirst","          Sometimes there was no timer.  Sometimes the audio didn't sound until the timer was down to 1-2 seconds and there wasn't time to make a choice.","          Associating sound with objects","Chrome",2,3899,"Novel134","Novel134",2,"down-left-4sec",2,"Same","participant_response",2,"exposure",1,"Novel134","include",3,4,"Gaze",FALSE,TRUE,7,"first","include",1,TRUE,3899,"participant_response"
"2016-07-22 19:30:10","Three","short",4,"SocialFirst","          Sometimes there was no timer.  Sometimes the audio didn't sound until the timer was down to 1-2 seconds and there wasn't time to make a choice.","          Associating sound with objects","Chrome",2,4342,"Novel131","Novel89",2,"down-left-4sec",0,"Switch","participant_response",3,"exposure",1,"Novel89","include",3,4,"Gaze",FALSE,TRUE,7,"first","include",1,TRUE,4342,"participant_response"
"2016-07-22 19:30:10","Three","short",4,"SocialFirst","          Sometimes there was no timer.  Sometimes the audio didn't sound until the timer was down to 1-2 seconds and there wasn't time to make a choice.","          Associating sound with objects","Chrome",2,3751,"Novel25","Novel25",2,"down-left-4sec",2,"Same","participant_response",4,"exposure",0,"Novel25","include",3,4,"Gaze",FALSE,TRUE,7,"first","include",1,TRUE,3751,"participant_response"
"2016-07-22 19:30:10","Three","short",4,"SocialFirst","          Sometimes there was no timer.  Sometimes the audio didn't sound until the timer was down to 1-2 seconds and there wasn't time to make a choice.","          Associating sound with objects","Chrome",0,3778,"Novel57","Novel18",0,"up-left-4sec",3,"Switch","participant_response",5,"exposure",0,"Novel18","include",3,4,"Gaze",FALSE,TRUE,7,"first","include",1,TRUE,3778,"participant_response"
"2016-07-22 19:30:10","Three","short",4,"SocialFirst","          Sometimes there was no timer.  Sometimes the audio didn't sound until the timer was down to 1-2 seconds and there wasn't time to make a choice.","          Associating sound with objects","Chrome",3,4474,"Novel32","Novel32",3,"down-right-4sec",3,"Same","participant_response",6,"exposure",1,"Novel32","include",3,4,"Gaze",FALSE,TRUE,7,"first","include",1,TRUE,4474,"participant_response"
"2016-07-22 19:30:10","Three","short",4,"SocialFirst","          Sometimes there was no timer.  Sometimes the audio didn't sound until the timer was down to 1-2 seconds and there wasn't time to make a choice.","          Associating sound with objects","Chrome",2,3452,"Novel103","Novel94",2,"down-left-4sec",0,"Switch","participant_response",7,"exposure",1,"Novel94","include",3,4,"Gaze",FALSE,TRUE,7,"first","include",1,TRUE,3452,"participant_response"
"2016-07-22 19:30:10","Three","short",4,"SocialFirst","          Sometimes there was no timer.  Sometimes the audio didn't sound until the timer was down to 1-2 seconds and there wasn't time to make a choice.","          Associating sound with objects","Chrome",0,4999,"Novel90","Novel90",-1,"straight-ahead",0,"Same","timed_out",8,"exposure",0,NA,"include",3,4,"No-Gaze",FALSE,NA,7,"second","include",1,NA,4999,"timed_out"
"2016-07-22 19:30:10","Three","short",4,"SocialFirst","          Sometimes there was no timer.  Sometimes the audio didn't sound until the timer was down to 1-2 seconds and there wasn't time to make a choice.","          Associating sound with objects","Chrome",3,3948,"Novel116","Novel17",-1,"straight-ahead",1,"Switch","participant_response",9,"exposure",0,NA,"include",3,4,"No-Gaze",FALSE,NA,7,"second","include",1,NA,3948,"participant_response"
"2016-07-22 19:30:10","Three","short",4,"SocialFirst","          Sometimes there was no timer.  Sometimes the audio didn't sound until the timer was down to 1-2 seconds and there wasn't time to make a choice.","          Associating sound with objects","Chrome",3,4034,"Novel129","Novel129",-1,"straight-ahead",3,"Same","participant_response",10,"exposure",1,NA,"include",3,4,"No-Gaze",FALSE,NA,7,"second","include",1,NA,4034,"participant_response"
"2016-07-22 19:30:10","Three","short",4,"SocialFirst","          Sometimes there was no timer.  Sometimes the audio didn't sound until the timer was down to 1-2 seconds and there wasn't time to make a choice.","          Associating sound with objects","Chrome",0,4408,"Novel43","Novel91",-1,"straight-ahead",2,"Switch","participant_response",11,"exposure",1,NA,"include",3,4,"No-Gaze",FALSE,NA,7,"second","include",1,NA,4408,"participant_response"
"2016-07-22 19:30:10","Three","short",4,"SocialFirst","          Sometimes there was no timer.  Sometimes the audio didn't sound until the timer was down to 1-2 seconds and there wasn't time to make a choice.","          Associating sound with objects","Chrome",0,2196,"Novel101","Novel101",-1,"straight-ahead",0,"Same","participant_response",12,"exposure",0,NA,"include",3,4,"No-Gaze",FALSE,NA,7,"second","include",1,NA,2196,"participant_response"
"2016-07-22 19:30:10","Three","short",4,"SocialFirst","          Sometimes there was no timer.  Sometimes the audio didn't sound until the timer was down to 1-2 seconds and there wasn't time to make a choice.","          Associating sound with objects","Chrome",1,3968,"Novel62","Novel104",-1,"straight-ahead",2,"Switch","participant_response",13,"exposure",0,NA,"include",3,4,"No-Gaze",FALSE,NA,7,"second","include",1,NA,3968,"participant_response"
"2016-07-22 19:30:10","Three","short",4,"SocialFirst","          Sometimes there was no timer.  Sometimes the audio didn't sound until the timer was down to 1-2 seconds and there wasn't time to make a choice.","          Associating sound with objects","Chrome",0,4002,"Novel33","Novel33",-1,"straight-ahead",0,"Same","timed_out",14,"exposure",1,NA,"include",3,4,"No-Gaze",FALSE,NA,7,"second","include",1,NA,4002,"timed_out"
"2016-07-22 19:30:10","Three","short",4,"SocialFirst","          Sometimes there was no timer.  Sometimes the audio didn't sound until the timer was down to 1-2 seconds and there wasn't time to make a choice.","          Associating sound with objects","Chrome",2,4363,"Novel68","Novel1",-1,"straight-ahead",3,"Switch","participant_response",15,"exposure",1,NA,"include",3,4,"No-Gaze",FALSE,NA,7,"second","include",1,NA,4363,"participant_response"
"2016-07-22 18:55:43","Zero","short",4,"SocialFirst","          t","          ","Chrome",3,5199,"Novel59","Novel59",-1,"straight-ahead",1,"Same","participant_response",0,"test",0,NA,"exclude",0,4,"Gaze",FALSE,TRUE,8,"first","include",1,TRUE,4527,"participant_response"
"2016-07-22 18:55:43","Zero","short",4,"SocialFirst","          t","          ","Chrome",3,4537,"Novel52","Novel52",-1,"straight-ahead",3,"Switch","participant_response",1,"test",1,NA,"exclude",0,4,"Gaze",FALSE,TRUE,8,"first","include",1,TRUE,4444,"participant_response"
"2016-07-22 18:55:43","Zero","short",4,"SocialFirst","          t","          ","Chrome",3,3864,"Novel10","Novel10",-1,"straight-ahead",3,"Same","participant_response",2,"test",1,NA,"exclude",0,4,"Gaze",FALSE,TRUE,8,"first","include",1,TRUE,4583,"participant_response"
"2016-07-22 18:55:43","Zero","short",4,"SocialFirst","          t","          ","Chrome",1,5169,"Novel88","Novel14",-1,"straight-ahead",1,"Switch","participant_response",3,"test",0,NA,"exclude",0,4,"Gaze",FALSE,FALSE,8,"first","include",1,TRUE,4135,"participant_response"
"2016-07-22 18:55:43","Zero","short",4,"SocialFirst","          t","          ","Chrome",2,3663,"Novel61","Novel61",-1,"straight-ahead",2,"Same","participant_response",4,"test",1,NA,"exclude",0,4,"Gaze",FALSE,TRUE,8,"first","include",1,TRUE,4042,"participant_response"
"2016-07-22 18:55:43","Zero","short",4,"SocialFirst","          t","          ","Chrome",1,4627,"Novel120","Novel122",-1,"straight-ahead",3,"Switch","participant_response",5,"test",1,NA,"exclude",0,4,"Gaze",FALSE,FALSE,8,"first","include",1,TRUE,3686,"participant_response"
"2016-07-22 18:55:43","Zero","short",4,"SocialFirst","          t","          ","Chrome",0,3576,"Novel130","Novel130",-1,"straight-ahead",3,"Same","participant_response",6,"test",0,NA,"exclude",0,4,"Gaze",FALSE,TRUE,8,"first","include",1,TRUE,3717,"participant_response"
"2016-07-22 18:55:43","Zero","short",4,"SocialFirst","          t","          ","Chrome",0,3393,"Novel82","Novel82",-1,"straight-ahead",3,"Switch","participant_response",7,"test",0,NA,"exclude",0,4,"Gaze",FALSE,TRUE,8,"first","include",1,TRUE,3822,"participant_response"
"2016-07-22 18:55:43","Zero","short",4,"SocialFirst","          t","          ","Chrome",3,5813,"Novel54","Novel54",-1,"straight-ahead",2,"Same","participant_response",8,"test",0,NA,"exclude",0,4,"No-Gaze",FALSE,TRUE,8,"second","include",1,NA,14314,"participant_response"
"2016-07-22 18:55:43","Zero","short",4,"SocialFirst","          t","          ","Chrome",0,4712,"Novel91","Novel89",-1,"straight-ahead",3,"Switch","participant_response",9,"test",1,NA,"exclude",0,4,"No-Gaze",FALSE,FALSE,8,"second","include",1,NA,3950,"participant_response"
"2016-07-22 18:55:43","Zero","short",4,"SocialFirst","          t","          ","Chrome",2,3959,"Novel86","Novel18",-1,"straight-ahead",1,"Same","participant_response",10,"test",1,NA,"exclude",0,4,"No-Gaze",FALSE,FALSE,8,"second","include",1,NA,4710,"participant_response"
"2016-07-22 18:55:43","Zero","short",4,"SocialFirst","          t","          ","Chrome",3,6306,"Novel104","Novel104",-1,"straight-ahead",3,"Same","participant_response",12,"test",1,NA,"exclude",0,4,"No-Gaze",FALSE,TRUE,8,"second","include",1,NA,6305,"participant_response"
"2016-07-22 18:55:43","Zero","short",4,"SocialFirst","          t","          ","Chrome",0,3835,"Novel96","Novel90",-1,"straight-ahead",1,"Switch","participant_response",13,"test",1,NA,"exclude",0,4,"No-Gaze",FALSE,FALSE,8,"second","include",1,NA,3834,"participant_response"
"2016-07-22 18:55:43","Zero","short",4,"SocialFirst","          t","          ","Chrome",3,5000,"Novel96","Novel75",-1,"straight-ahead",1,"Switch","timed_out",13,"test",1,NA,"exclude",0,4,"No-Gaze",FALSE,FALSE,8,"second","include",1,NA,3834,"participant_response"
"2016-07-22 18:55:43","Zero","short",4,"SocialFirst","          t","          ","Chrome",1,2042,"Novel20","Novel20",-1,"straight-ahead",1,"Same","participant_response",14,"test",0,NA,"exclude",0,4,"No-Gaze",FALSE,TRUE,8,"second","include",1,NA,2041,"participant_response"
"2016-07-22 18:55:43","Zero","short",4,"SocialFirst","          t","          ","Chrome",1,5899,"Novel131","Novel72",-1,"straight-ahead",1,"Switch","timed_out",15,"test",0,NA,"exclude",0,4,"No-Gaze",FALSE,FALSE,8,"second","include",1,NA,4344,"participant_response"
"2016-07-22 18:55:43","Zero","short",4,"SocialFirst","          t","          ","Chrome",1,6608,"Novel131","Novel72",-1,"straight-ahead",1,"Switch","timed_out",15,"test",0,NA,"exclude",0,4,"No-Gaze",FALSE,FALSE,8,"second","include",1,NA,4344,"participant_response"
"2016-07-22 18:55:43","Zero","short",4,"SocialFirst","          t","          ","Chrome",2,6890,"Novel131","Novel97",-1,"straight-ahead",1,"Switch","timed_out",15,"test",0,NA,"exclude",0,4,"No-Gaze",FALSE,FALSE,8,"second","include",1,NA,4344,"participant_response"
"2016-07-22 18:55:43","Zero","short",4,"SocialFirst","          t","          ","Chrome",0,7619,"Novel131","Novel131",-1,"straight-ahead",1,"Switch","timed_out",15,"test",0,NA,"exclude",0,4,"No-Gaze",FALSE,TRUE,8,"second","include",1,NA,4344,"participant_response"
"2016-07-22 18:55:43","Zero","short",4,"SocialFirst","          t","          ","Chrome",3,2217,"Novel131","squirrel",-1,"straight-ahead",1,"Switch","timed_out",15,"test",0,NA,"exclude",0,4,"No-Gaze",FALSE,FALSE,8,"second","include",1,NA,4344,"participant_response"
"2016-07-22 18:55:43","Zero","short",4,"SocialFirst","          t","          ","Chrome",2,2944,"Novel131","Novel97",-1,"straight-ahead",1,"Switch","timed_out",15,"test",0,NA,"exclude",0,4,"No-Gaze",FALSE,FALSE,8,"second","include",1,NA,4344,"participant_response"
"2016-07-22 18:55:43","Zero","short",4,"SocialFirst","          t","          ","Chrome",2,3735,"Novel131","Novel97",-1,"straight-ahead",1,"Switch","timed_out",15,"test",0,NA,"exclude",0,4,"No-Gaze",FALSE,FALSE,8,"second","include",1,NA,4344,"participant_response"
"2016-07-22 18:55:43","Zero","short",4,"SocialFirst","          t","          ","Chrome",2,3942,"Novel131","Novel97",-1,"straight-ahead",1,"Switch","timed_out",15,"test",0,NA,"exclude",0,4,"No-Gaze",FALSE,FALSE,8,"second","include",1,NA,4344,"participant_response"
"2016-07-22 18:55:43","Zero","short",4,"SocialFirst","          t","          ","Chrome",2,4197,"Novel131","Novel97",-1,"straight-ahead",1,"Switch","timed_out",15,"test",0,NA,"exclude",0,4,"No-Gaze",FALSE,FALSE,8,"second","include",1,NA,4344,"participant_response"
"2016-07-22 18:55:43","Zero","short",4,"SocialFirst","          t","          ","Chrome",2,4931,"Novel131","Novel97",-1,"straight-ahead",1,"Switch","timed_out",15,"test",0,NA,"exclude",0,4,"No-Gaze",FALSE,FALSE,8,"second","include",1,NA,4344,"participant_response"
"2016-07-22 18:55:43","Zero","short",4,"SocialFirst","          t","          ","Chrome",2,5205,"Novel131","Novel97",-1,"straight-ahead",1,"Switch","timed_out",15,"test",0,NA,"exclude",0,4,"No-Gaze",FALSE,FALSE,8,"second","include",1,NA,4344,"participant_response"
"2016-07-22 18:55:43","Zero","short",4,"SocialFirst","          t","          ","Chrome",2,5931,"Novel131","Novel97",-1,"straight-ahead",1,"Switch","timed_out",15,"test",0,NA,"exclude",0,4,"No-Gaze",FALSE,FALSE,8,"second","include",1,NA,4344,"participant_response"
"2016-07-22 18:55:43","Zero","short",4,"SocialFirst","          t","          ","Chrome",3,6198,"Novel131","squirrel",-1,"straight-ahead",1,"Switch","timed_out",15,"test",0,NA,"exclude",0,4,"No-Gaze",FALSE,FALSE,8,"second","include",1,NA,4344,"participant_response"
"2016-07-22 18:55:43","Zero","short",4,"SocialFirst","          t","          ","Chrome",1,6931,"Novel131","Novel72",-1,"straight-ahead",1,"Switch","timed_out",15,"test",0,NA,"exclude",0,4,"No-Gaze",FALSE,FALSE,8,"second","include",1,NA,4344,"participant_response"
"2016-07-22 18:55:43","Zero","short",4,"SocialFirst","          t","          ","Chrome",0,7200,"Novel131","Novel131",-1,"straight-ahead",1,"Switch","timed_out",15,"test",0,NA,"exclude",0,4,"No-Gaze",FALSE,TRUE,8,"second","include",1,NA,4344,"participant_response"
"2016-07-22 18:55:43","Zero","short",4,"SocialFirst","          t","          ","Chrome",0,7935,"Novel131","Novel131",-1,"straight-ahead",1,"Switch","timed_out",15,"test",0,NA,"exclude",0,4,"No-Gaze",FALSE,TRUE,8,"second","include",1,NA,4344,"participant_response"
"2016-07-22 18:55:43","Zero","short",4,"SocialFirst","          t","          ","Chrome",0,8210,"Novel131","Novel131",-1,"straight-ahead",1,"Switch","timed_out",15,"test",0,NA,"exclude",0,4,"No-Gaze",FALSE,TRUE,8,"second","include",1,NA,4344,"participant_response"
"2016-07-22 18:55:43","Zero","short",4,"SocialFirst","          t","          ","Chrome",3,8949,"Novel131","squirrel",-1,"straight-ahead",1,"Switch","timed_out",15,"test",0,NA,"exclude",0,4,"No-Gaze",FALSE,FALSE,8,"second","include",1,NA,4344,"participant_response"
"2016-07-22 18:55:43","Zero","short",4,"SocialFirst","          t","          ","Chrome",2,9203,"Novel131","Novel97",-1,"straight-ahead",1,"Switch","timed_out",15,"test",0,NA,"exclude",0,4,"No-Gaze",FALSE,FALSE,8,"second","include",1,NA,4344,"participant_response"
"2016-07-22 18:55:43","Zero","short",4,"SocialFirst","          t","          ","Chrome",0,10056,"Novel131","Novel131",-1,"straight-ahead",1,"Switch","timed_out",15,"test",0,NA,"exclude",0,4,"No-Gaze",FALSE,TRUE,8,"second","include",1,NA,4344,"participant_response"
"2016-07-22 18:55:43","Zero","short",4,"SocialFirst","          t","          ","Chrome",1,4527,"Novel59","Novel59",1,"up-right-4sec",1,"Same","participant_response",0,"exposure",0,"Novel59","exclude",0,4,"Gaze",FALSE,TRUE,8,"first","include",1,TRUE,4527,"participant_response"
"2016-07-22 18:55:43","Zero","short",4,"SocialFirst","          t","          ","Chrome",2,4444,"Novel52","Novel12",2,"down-left-4sec",3,"Switch","participant_response",1,"exposure",1,"Novel12","exclude",0,4,"Gaze",FALSE,TRUE,8,"first","include",1,TRUE,4444,"participant_response"
"2016-07-22 18:55:43","Zero","short",4,"SocialFirst","          t","          ","Chrome",3,4583,"Novel10","Novel10",3,"down-right-4sec",3,"Same","participant_response",2,"exposure",1,"Novel10","exclude",0,4,"Gaze",FALSE,TRUE,8,"first","include",1,TRUE,4583,"participant_response"
"2016-07-22 18:55:43","Zero","short",4,"SocialFirst","          t","          ","Chrome",0,4135,"Novel88","Novel112",0,"up-left-4sec",1,"Switch","participant_response",3,"exposure",0,"Novel112","exclude",0,4,"Gaze",FALSE,TRUE,8,"first","include",1,TRUE,4135,"participant_response"
"2016-07-22 18:55:43","Zero","short",4,"SocialFirst","          t","          ","Chrome",2,4042,"Novel61","Novel61",2,"down-left-4sec",2,"Same","participant_response",4,"exposure",1,"Novel61","exclude",0,4,"Gaze",FALSE,TRUE,8,"first","include",1,TRUE,4042,"participant_response"
"2016-07-22 18:55:43","Zero","short",4,"SocialFirst","          t","          ","Chrome",0,3686,"Novel120","Novel1",0,"up-left-4sec",3,"Switch","participant_response",5,"exposure",1,"Novel1","exclude",0,4,"Gaze",FALSE,TRUE,8,"first","include",1,TRUE,3686,"participant_response"
"2016-07-22 18:55:43","Zero","short",4,"SocialFirst","          t","          ","Chrome",3,3717,"Novel130","Novel130",3,"down-right-4sec",3,"Same","participant_response",6,"exposure",0,"Novel130","exclude",0,4,"Gaze",FALSE,TRUE,8,"first","include",1,TRUE,3717,"participant_response"
"2016-07-22 18:55:43","Zero","short",4,"SocialFirst","          t","          ","Chrome",1,3822,"Novel82","Novel45",1,"up-right-4sec",3,"Switch","participant_response",7,"exposure",0,"Novel45","exclude",0,4,"Gaze",FALSE,TRUE,8,"first","include",1,TRUE,3822,"participant_response"
"2016-07-22 18:55:43","Zero","short",4,"SocialFirst","          t","          ","Chrome",2,3950,"Novel91","Novel101",-1,"straight-ahead",3,"Switch","participant_response",9,"exposure",1,NA,"exclude",0,4,"No-Gaze",FALSE,NA,8,"second","include",1,NA,3950,"participant_response"
"2016-07-22 18:55:43","Zero","short",4,"SocialFirst","          t","          ","Chrome",1,4710,"Novel86","Novel86",-1,"straight-ahead",1,"Same","participant_response",10,"exposure",1,NA,"exclude",0,4,"No-Gaze",FALSE,NA,8,"second","include",1,NA,4710,"participant_response"
"2016-07-22 18:55:43","Zero","short",4,"SocialFirst","          t","          ","Chrome",0,9544,"Novel115","Novel132",-1,"straight-ahead",2,"Switch","timed_out",11,"exposure",0,NA,"exclude",0,4,"No-Gaze",FALSE,NA,8,"second","include",1,NA,9544,"timed_out"
"2016-07-22 18:55:43","Zero","short",4,"SocialFirst","          t","          ","Chrome",3,6305,"Novel104","Novel104",-1,"straight-ahead",3,"Same","participant_response",12,"exposure",1,NA,"exclude",0,4,"No-Gaze",FALSE,NA,8,"second","include",1,NA,6305,"participant_response"
"2016-07-22 18:55:43","Zero","short",4,"SocialFirst","          t","          ","Chrome",0,3834,"Novel96","Novel90",-1,"straight-ahead",1,"Switch","participant_response",13,"exposure",1,NA,"exclude",0,4,"No-Gaze",FALSE,NA,8,"second","include",1,NA,3834,"participant_response"
"2016-07-22 18:55:43","Zero","short",4,"SocialFirst","          t","          ","Chrome",1,2041,"Novel20","Novel20",-1,"straight-ahead",1,"Same","participant_response",14,"exposure",0,NA,"exclude",0,4,"No-Gaze",FALSE,NA,8,"second","include",1,NA,2041,"participant_response"
"2016-07-22 18:55:43","Zero","short",4,"SocialFirst","          t","          ","Chrome",0,4344,"Novel131","Novel15",-1,"straight-ahead",1,"Switch","participant_response",15,"exposure",0,NA,"exclude",0,4,"No-Gaze",FALSE,NA,8,"second","include",1,NA,4344,"participant_response"
"2016-07-22 18:48:13","Zero","short",4,"SocialFirst","No.           ","          I have no idea. I guess it is about word association.","Chrome",1,3849,"Novel110","Novel110",-1,"straight-ahead",1,"Same","participant_response",0,"test",1,NA,"include",0,4,"Gaze",FALSE,TRUE,9,"first","include",1,TRUE,4374,"participant_response"
"2016-07-22 18:48:13","Zero","short",4,"SocialFirst","No.           ","          I have no idea. I guess it is about word association.","Chrome",1,4601,"Novel60","Novel60",-1,"straight-ahead",3,"Switch","participant_response",1,"test",0,NA,"include",0,4,"Gaze",FALSE,TRUE,9,"first","include",1,TRUE,3710,"participant_response"
"2016-07-22 18:48:13","Zero","short",4,"SocialFirst","No.           ","          I have no idea. I guess it is about word association.","Chrome",2,3736,"Novel41","Novel85",-1,"straight-ahead",2,"Same","participant_response",2,"test",0,NA,"include",0,4,"Gaze",FALSE,FALSE,9,"first","include",1,TRUE,3499,"participant_response"
"2016-07-22 18:48:13","Zero","short",4,"SocialFirst","No.           ","          I have no idea. I guess it is about word association.","Chrome",0,3454,"Novel37","Novel115",-1,"straight-ahead",1,"Switch","participant_response",3,"test",1,NA,"include",0,4,"Gaze",FALSE,FALSE,9,"first","include",1,TRUE,2890,"participant_response"
"2016-07-22 18:48:13","Zero","short",4,"SocialFirst","No.           ","          I have no idea. I guess it is about word association.","Chrome",1,3284,"Novel123","Novel123",-1,"straight-ahead",2,"Same","participant_response",4,"test",0,NA,"include",0,4,"Gaze",FALSE,TRUE,9,"first","include",1,TRUE,3432,"participant_response"
"2016-07-22 18:48:13","Zero","short",4,"SocialFirst","No.           ","          I have no idea. I guess it is about word association.","Chrome",2,3241,"Novel72","Novel68",-1,"straight-ahead",0,"Switch","participant_response",5,"test",0,NA,"include",0,4,"Gaze",FALSE,FALSE,9,"first","include",1,TRUE,2855,"participant_response"
"2016-07-22 18:48:13","Zero","short",4,"SocialFirst","No.           ","          I have no idea. I guess it is about word association.","Chrome",0,3349,"Novel47","Novel47",-1,"straight-ahead",0,"Same","participant_response",6,"test",1,NA,"include",0,4,"Gaze",FALSE,TRUE,9,"first","include",1,TRUE,2690,"participant_response"
"2016-07-22 18:48:13","Zero","short",4,"SocialFirst","No.           ","          I have no idea. I guess it is about word association.","Chrome",0,3094,"Novel10","Novel140",-1,"straight-ahead",2,"Switch","participant_response",7,"test",1,NA,"include",0,4,"Gaze",FALSE,FALSE,9,"first","include",1,TRUE,2572,"participant_response"
"2016-07-22 18:48:13","Zero","short",4,"SocialFirst","No.           ","          I have no idea. I guess it is about word association.","Chrome",0,3294,"Novel21","Novel21",-1,"straight-ahead",0,"Same","participant_response",8,"test",1,NA,"include",0,4,"No-Gaze",FALSE,TRUE,9,"second","include",1,NA,3624,"participant_response"
"2016-07-22 18:48:13","Zero","short",4,"SocialFirst","No.           ","          I have no idea. I guess it is about word association.","Chrome",3,3193,"Novel56","Novel104",-1,"straight-ahead",3,"Switch","participant_response",9,"test",0,NA,"include",0,4,"No-Gaze",FALSE,FALSE,9,"second","include",1,NA,3920,"participant_response"
"2016-07-22 18:48:13","Zero","short",4,"SocialFirst","No.           ","          I have no idea. I guess it is about word association.","Chrome",1,3130,"Novel94","Novel94",-1,"straight-ahead",2,"Same","participant_response",10,"test",0,NA,"include",0,4,"No-Gaze",FALSE,TRUE,9,"second","include",1,NA,4265,"participant_response"
"2016-07-22 18:48:13","Zero","short",4,"SocialFirst","No.           ","          I have no idea. I guess it is about word association.","Chrome",3,3115,"Novel57","Novel87",-1,"straight-ahead",2,"Switch","participant_response",11,"test",1,NA,"include",0,4,"No-Gaze",FALSE,FALSE,9,"second","include",1,NA,3603,"participant_response"
"2016-07-22 18:48:13","Zero","short",4,"SocialFirst","No.           ","          I have no idea. I guess it is about word association.","Chrome",0,3131,"Novel101","Novel101",-1,"straight-ahead",3,"Same","participant_response",12,"test",0,NA,"include",0,4,"No-Gaze",FALSE,TRUE,9,"second","include",1,NA,4034,"participant_response"
"2016-07-22 18:48:13","Zero","short",4,"SocialFirst","No.           ","          I have no idea. I guess it is about word association.","Chrome",1,2766,"Novel128","Novel128",-1,"straight-ahead",2,"Switch","participant_response",13,"test",0,NA,"include",0,4,"No-Gaze",FALSE,TRUE,9,"second","include",1,NA,3672,"participant_response"
"2016-07-22 18:48:13","Zero","short",4,"SocialFirst","No.           ","          I have no idea. I guess it is about word association.","Chrome",3,3137,"Novel24","Novel24",-1,"straight-ahead",3,"Same","participant_response",14,"test",1,NA,"include",0,4,"No-Gaze",FALSE,TRUE,9,"second","include",1,NA,4413,"participant_response"
"2016-07-22 18:48:13","Zero","short",4,"SocialFirst","No.           ","          I have no idea. I guess it is about word association.","Chrome",3,3112,"Novel30","Novel120",-1,"straight-ahead",1,"Switch","participant_response",15,"test",1,NA,"include",0,4,"No-Gaze",FALSE,FALSE,9,"second","include",1,NA,3508,"participant_response"
"2016-07-22 18:48:13","Zero","short",4,"SocialFirst","No.           ","          I have no idea. I guess it is about word association.","Chrome",1,4374,"Novel110","Novel110",1,"up-right-4sec",1,"Same","participant_response",0,"exposure",1,"Novel110","include",0,4,"Gaze",FALSE,TRUE,9,"first","include",1,TRUE,4374,"participant_response"
"2016-07-22 18:48:13","Zero","short",4,"SocialFirst","No.           ","          I have no idea. I guess it is about word association.","Chrome",0,3710,"Novel60","Novel64",0,"up-left-4sec",3,"Switch","participant_response",1,"exposure",0,"Novel64","include",0,4,"Gaze",FALSE,TRUE,9,"first","include",1,TRUE,3710,"participant_response"
"2016-07-22 18:48:13","Zero","short",4,"SocialFirst","No.           ","          I have no idea. I guess it is about word association.","Chrome",2,3499,"Novel41","Novel41",2,"down-left-4sec",2,"Same","participant_response",2,"exposure",0,"Novel41","include",0,4,"Gaze",FALSE,TRUE,9,"first","include",1,TRUE,3499,"participant_response"
"2016-07-22 18:48:13","Zero","short",4,"SocialFirst","No.           ","          I have no idea. I guess it is about word association.","Chrome",0,2890,"Novel37","Novel9",0,"up-left-4sec",1,"Switch","participant_response",3,"exposure",1,"Novel9","include",0,4,"Gaze",FALSE,TRUE,9,"first","include",1,TRUE,2890,"participant_response"
"2016-07-22 18:48:13","Zero","short",4,"SocialFirst","No.           ","          I have no idea. I guess it is about word association.","Chrome",2,3432,"Novel123","Novel123",2,"down-left-4sec",2,"Same","participant_response",4,"exposure",0,"Novel123","include",0,4,"Gaze",FALSE,TRUE,9,"first","include",1,TRUE,3432,"participant_response"
"2016-07-22 18:48:13","Zero","short",4,"SocialFirst","No.           ","          I have no idea. I guess it is about word association.","Chrome",2,2855,"Novel72","Novel43",2,"down-left-4sec",0,"Switch","participant_response",5,"exposure",0,"Novel43","include",0,4,"Gaze",FALSE,TRUE,9,"first","include",1,TRUE,2855,"participant_response"
"2016-07-22 18:48:13","Zero","short",4,"SocialFirst","No.           ","          I have no idea. I guess it is about word association.","Chrome",0,2690,"Novel47","Novel47",0,"up-left-4sec",0,"Same","participant_response",6,"exposure",1,"Novel47","include",0,4,"Gaze",FALSE,TRUE,9,"first","include",1,TRUE,2690,"participant_response"
"2016-07-22 18:48:13","Zero","short",4,"SocialFirst","No.           ","          I have no idea. I guess it is about word association.","Chrome",0,2572,"Novel10","Novel53",0,"up-left-4sec",2,"Switch","participant_response",7,"exposure",1,"Novel53","include",0,4,"Gaze",FALSE,TRUE,9,"first","include",1,TRUE,2572,"participant_response"
"2016-07-22 18:48:13","Zero","short",4,"SocialFirst","No.           ","          I have no idea. I guess it is about word association.","Chrome",0,3624,"Novel21","Novel21",-1,"straight-ahead",0,"Same","participant_response",8,"exposure",1,NA,"include",0,4,"No-Gaze",FALSE,NA,9,"second","include",1,NA,3624,"participant_response"
"2016-07-22 18:48:13","Zero","short",4,"SocialFirst","No.           ","          I have no idea. I guess it is about word association.","Chrome",0,3920,"Novel56","Novel12",-1,"straight-ahead",3,"Switch","participant_response",9,"exposure",0,NA,"include",0,4,"No-Gaze",FALSE,NA,9,"second","include",1,NA,3920,"participant_response"
"2016-07-22 18:48:13","Zero","short",4,"SocialFirst","No.           ","          I have no idea. I guess it is about word association.","Chrome",2,4265,"Novel94","Novel94",-1,"straight-ahead",2,"Same","participant_response",10,"exposure",0,NA,"include",0,4,"No-Gaze",FALSE,NA,9,"second","include",1,NA,4265,"participant_response"
"2016-07-22 18:48:13","Zero","short",4,"SocialFirst","No.           ","          I have no idea. I guess it is about word association.","Chrome",1,3603,"Novel57","Novel80",-1,"straight-ahead",2,"Switch","participant_response",11,"exposure",1,NA,"include",0,4,"No-Gaze",FALSE,NA,9,"second","include",1,NA,3603,"participant_response"
"2016-07-22 18:48:13","Zero","short",4,"SocialFirst","No.           ","          I have no idea. I guess it is about word association.","Chrome",3,4034,"Novel101","Novel101",-1,"straight-ahead",3,"Same","participant_response",12,"exposure",0,NA,"include",0,4,"No-Gaze",FALSE,NA,9,"second","include",1,NA,4034,"participant_response"
"2016-07-22 18:48:13","Zero","short",4,"SocialFirst","No.           ","          I have no idea. I guess it is about word association.","Chrome",0,3672,"Novel128","Novel59",-1,"straight-ahead",2,"Switch","participant_response",13,"exposure",0,NA,"include",0,4,"No-Gaze",FALSE,NA,9,"second","include",1,NA,3672,"participant_response"
"2016-07-22 18:48:13","Zero","short",4,"SocialFirst","No.           ","          I have no idea. I guess it is about word association.","Chrome",3,4413,"Novel24","Novel24",-1,"straight-ahead",3,"Same","participant_response",14,"exposure",1,NA,"include",0,4,"No-Gaze",FALSE,NA,9,"second","include",1,NA,4413,"participant_response"
"2016-07-22 18:48:13","Zero","short",4,"SocialFirst","No.           ","          I have no idea. I guess it is about word association.","Chrome",0,3508,"Novel30","Novel119",-1,"straight-ahead",1,"Switch","participant_response",15,"exposure",1,NA,"include",0,4,"No-Gaze",FALSE,NA,9,"second","include",1,NA,3508,"participant_response"
